--
-- PostgreSQL database dump
--

SET statement_timeout = 0;
SET client_encoding = 'UTF8';
SET standard_conforming_strings = off;
SET check_function_bodies = false;
SET client_min_messages = warning;
SET escape_string_warning = off;

SET search_path = public, pg_catalog;

--
-- Name: blogserial; Type: SEQUENCE SET; Schema: public; Owner: -
--

SELECT pg_catalog.setval('blogserial', 139, true);


--
-- Name: comments_seq; Type: SEQUENCE SET; Schema: public; Owner: -
--

SELECT pg_catalog.setval('comments_seq', 1, false);


--
-- Data for Name: blog_categories; Type: TABLE DATA; Schema: public; Owner: -
--

COPY blog_categories (id, name) FROM stdin;
1	Java
2	PostgreSQL
3	Linux
4	IT
5	General
6	JBoss
\.


--
-- Data for Name: blog_section; Type: TABLE DATA; Schema: public; Owner: -
--

COPY blog_section (name) FROM stdin;
Default
Experiments
\.


--
-- Data for Name: blog_item; Type: TABLE DATA; Schema: public; Owner: -
--

COPY blog_item (inumber, ititle, ibody, imore, itime, blog_section_name) FROM stdin;
26	Fix for sound issue in Ubuntu 9.04 HP Pavilion dv4000	<div style="clear:both;"></div>The sound was giving error on my HP dv4000 running Ubuntu 9.04.<br /><br />Here is the listing of my hardware modules:<br /><code><br />00:1e.2 Multimedia audio controller: Intel Corporation 82801FB/FBM/FR/FW/FRW (ICH6 Family) AC'97 Audio Controller (rev 04)<br /> Subsystem: Hewlett-Packard Company Device 309d<br /> Flags: bus master, medium devsel, latency 0, IRQ 17<br /> I/O ports at 1c00 [size=256]<br /> I/O ports at 18c0 [size=64]<br /> Memory at b0040800 (32-bit, non-prefetchable) [size=512]<br /> Memory at b0040400 (32-bit, non-prefetchable) [size=256]<br /> Capabilities: <access denied=""><br /> Kernel driver in use: Intel ICH<br /> Kernel modules: snd-intel8x0<br /></access></code><br />Adding following at the end of /etc/modprobe.d/alsa-base.conf<br /><code><br />options snd-intel8x0 ac97_quirk=1 buggy_irq=1 buggy_semaphore=1<br /></code><br /><br />if <code>ac97_quirk=1</code> doesn't work, try 0,2,3 or 4 as value.<br /><br />Reboot.<div style="clear:both; padding-bottom:0.25em"></div>		2009-09-22 01:35:00	Default
27	A very simple java based Ident server	<div style="clear:both;"></div><span style="font-size:85%;">Every now and then I need to connect to IRC servers and I don't run a full blown identd daemon on my Ubuntu machine. Hence I come up with a very simple java based Ident server. Simply run it before connecting to an IRC server, it will terminate once the response is served. Its a quick and dirty code, not production quality at all. Feel free to use it at your own risk.<br /></span><br /><code><br />import java.net.*;<br />import java.io.*;<br /><br />/*<br />* This class acts as a simple Ident server<br />* usage: sudo java jident [&lt;fakeid&gt;]<br />* fakeid is optional, if not passed, nobody is used.<br />* It simply terminates once ident response is served.<br />* Best use is to run before connecting to an irc server.<br />* If on Linux, it should be called using 'sudo' since it<br />* runs on port 113.<br />* Use at your own risk.<br />* @author Usman Saleem<br />* @version 1.0<br />*/<br />public class jident {<br /><br />public static void main(String args[]){<br />//create a server socket on port 113<br />try {<br />    int port = 113;<br /> System.out.println("Simple java based identd server by Uzi");<br />    ServerSocket srv = new ServerSocket(port);<br /><br />        // Wait for connection from client.<br />    Socket socket = srv.accept();<br /><br /> BufferedReader br = new BufferedReader(new InputStreamReader(socket.getInputStream()));<br /> String msg = br.readLine();<br /> //should be in format &lt;port-on-server&gt; , &lt;port-on-client&gt;<br /> System.out.println("Request: "+msg);<br /> if(msg != null) {<br />  //send response back to server<br />  msg+= " : USERID : UNIX : " + (args.length>=1?args[0]:"nobody");<br />  System.out.println("Response: "+msg);<br />  BufferedWriter wr = new BufferedWriter(new OutputStreamWriter(socket.getOutputStream()));<br />      wr.write(msg);<br />   wr.newLine();<br />   wr.flush();<br />   System.out.println("Response sent, waiting from server");<br /> System.out.println("server:"+br.readLine());<br /><br /> }<br /> socket.close();<br /> srv.close();<br /> System.out.println("Done.");<br /><br />} catch (IOException e) {<br /> e.printStackTrace();<br /> System.exit(-1);<br />}<br /><br /><br /><br />}<br /><br />}<br /></code><div style="clear:both; padding-bottom:0.25em"></div>		2008-07-12 01:57:00	Default
28	Removing c compilation error: stdio.h: No such file or directory on Ubuntu	If you are compiling a simple c program on Ubuntu and you get following stupid error(s):<code>error: stdio.h: No such file or directory</code> then you need to install 'build-essential' package. This can be install using Synaptic Package Manager or apt-get.		2008-06-12 21:37:00	Default
29	Wii, Wasabi and Wii-Clip	<div style="clear:both;"></div>The other day I luckily manage to purchase a Nintendo Wii while I was here in Florida at a client site for a month. Since I had to take that back to home, I wasn't sure if the games available there would be playable on this Wii or not. So, I did some research ... order wasabi modchip alongside Wii-Clip ... installed it in Wii with the help of a friend and hopefully I will be now able to play region free games on it :-).<a onblur="try {parent.deselectBloggerImageGracefully();} catch(e) {}" href="http://bp3.blogger.com/_9v1q9LEnHIA/SFFZh0_lKyI/AAAAAAAAAKY/loKuVISPO_4/s1600-h/wasabi-wiiclip.jpg"><img style="margin: 0px auto 10px; display: block; text-align: center; cursor: pointer;" src="http://bp3.blogger.com/_9v1q9LEnHIA/SFFZh0_lKyI/AAAAAAAAAKY/loKuVISPO_4/s320/wasabi-wiiclip.jpg" alt="" id="BLOGGER_PHOTO_ID_5211044681540250402" border="0" /></a>		2008-05-02 18:47:00	Default
30	NJ Album	<div style="clear:both;"></div><div style="text-align:center;width:194px;font-family:arial,sans-serif;font-size:83%"><div style="height:194px;background:url(http://picasaweb.google.com/f/img/transparent_album_background.gif) no-repeat left"><a href="http://picasaweb.google.com/usman.saleem/USVisit"><img src="http://lh4.google.com/image/usman.saleem/Re7cIMAewPE/AAAAAAAAAHM/z4rb4ICQxxg/s160-c/USVisit.jpg" width="160" height="160" style="border:none;padding:0px;margin-top:16px;"></a></div><a href="http://picasaweb.google.com/usman.saleem/USVisit"><div style="color:#4D4D4D;font-weight:bold;text-decoration:none;">US Visit</div></a><div style="color:#808080"></div></div><div style="clear:both; padding-bottom:0.25em"></div>		2007-03-07 20:55:00	Default
31	My visit to EnterpriseDB Edison office	<div style="clear:both;"></div>I am at EnterpriseDB Iselin (New Jersey) office for a business trip of 6 weeks.<br /><br />Enjoying the warm welcome by everyone in the office. It will be a memorable trip of my life.<div style="clear:both; padding-bottom:0.25em"></div>		2007-03-06 03:09:00	Default
32	I became Sun Certified Web Component Developer	<div style="clear:both;"></div>Cleared SCWCD today on October 16, 2006 around 11:15 PST with passing score of 82%. Not very happy with the score, it should have been higher :-). But, as they say 'a pass is a pass'.<div style="clear:both; padding-bottom:0.25em"></div>		2006-10-16 12:54:00	Default
33	Setting Custom icon for individual nodes in JTree	<div style="clear:both;"></div>For changing and removing the Default Icons in a JTree Component see following link:<br />http://javaalmanac.com/egs/javax.swing.tree/DefIcons.html<br /><br />However, above approach does not take care of individual icons. Here is the solution that I used in one of my projects:<br /><br />1. Let your nodes extend from a generic super class, say MyNode, where MyNode is extended from DefaultMutableTreeNode. Define  public abstract Icon getIcon(); in MyNode.<br /><br /><code><br />/**<br />* My Node<br />* @author usman<br />*/<br />public abstract class MyNode extends DefaultMutableTreeNode{<br /><br />&nbsp;public MyNode () {<br />&nbsp;&nbsp;super("Title Of Node);<br />&nbsp;}<br /><br />&nbsp;public abstract javax.swing.Icon getIcon();<br />}<br /></code><br /><br />2. Create sub classes of MyNode which are supposed to be inserted into the tree, implementing getIcon method, for instance:<br /><code><br />/**<br />* Custom Node<br />* @author usman<br />*/<br />public class CustomNode extends MyNode{<br /><br />&nbsp;public CustomNode() {<br />&nbsp;&nbsp;super("Title Of Node);<br />&nbsp;}<br /><br />&nbsp;public </code><code>javax.swing.Icon </code><code>getIcon() {<br />&nbsp;&nbsp;return new javax.swing.ImageIcon(getClass().getResource("/icons/myicon16.png"));<br />&nbsp;}<br />}<br /></code><br />Now create a custom tree cell renderer, in which you set the default icon based on the sub class type:<br /><code><br />import java.awt.Component;<br />import javax.swing.JTree;<br />import javax.swing.tree.DefaultTreeCellRenderer;<br /><br />public class CustomTreeCellRenderer extends DefaultTreeCellRenderer{<br />&nbsp;public Component getTreeCellRendererComponent(JTree tree, Object value, boolean sel, boolean expanded, boolean leaf, int row, boolean hasFocus) {<br />&nbsp;if((value instanceof MyNode) &&amp; (value != null)) {<br />      &nbsp;&nbsp;setIcon(((MyNode)value).getIcon());<br />&nbsp;  }<br /><br />//we can not call super.getTreeCellRendererComponent method, since it overrides our setIcon call and cause rendering of labels to '...' when node expansion is done<br /><br />//so, we copy (and modify logic little bit) from super class method:<br /><br />&nbsp;String  stringValue = tree.convertValueToText(value, sel,<br />                 expanded, leaf, row, hasFocus);<br /><br />&nbsp;this.hasFocus = hasFocus;<br />&nbsp;setText(stringValue);<br />&nbsp;if(sel)<br />&nbsp;&nbsp;   setForeground(getTextSelectionColor());<br />&nbsp;else<br />&nbsp;&nbsp;   setForeground(getTextNonSelectionColor());<br /><br />&nbsp;if (!tree.isEnabled()) {<br />&nbsp;&nbsp;   setEnabled(false);<br />&nbsp;}<br />&nbsp;else {<br />&nbsp;&nbsp;   setEnabled(true);<br />&nbsp;}<br />&nbsp;   setComponentOrientation(tree.getComponentOrientation());<br />&nbsp;selected = sel;<br />&nbsp;return this;<br /><br />}<br />}<br /><br /></code><br />The method of interest is <code>getTreeCellRendererComponent</code> in which we call getIcon method of our sub classes and sets the icon of current node. We don't call super class method directly because it somehow mess up with default width calculation of our nodes and cause '...' in rendering the labels. The '...' is specially visible if we programmatically expand children of a node.<div style="clear:both; padding-bottom:0.25em"></div>		2006-08-28 14:57:00	Default
48	Reading windows environment variable in java	<div style="clear:both;"></div>import java.io.*;\n<br />public class Test{\n<br />public static void main(String args[]) throws IOException{\n<br />//JDK1.5        \n<br />System.out.println(System.getenv("USERDOMAIN"));\n<br />\n<br />//Pre-JDK1.5\n<br />Process p = Runtime.getRuntime().exec("cmd.exe /c echo %USERDOMAIN%");\n<br />BufferedReader br = new BufferedReader\n<br />     ( new InputStreamReader( p.getInputStream() ) );\n<br />String myvar = br.readLine();\n<br />System.out.println(myvar);\n<br />    \n<br />}\n<br />}<div style="clear:both; padding-bottom:0.25em"></div>		2005-10-20 16:25:00	Default
34	EnterpriseDB Replication Server	<div style="clear:both;"></div>EnterpriseDB adds replication server under its belt. For official details see <a href="http://www.enterprisedb.com/news_events/press_releases/15_08_06b.do">http://www.enterprisedb.com/news_events/press_releases/15_08_06b.do </a><br /><br />This is the project I am currently working on. I am responsible for refactoring the user interface and building it from grounds up using NetBeans IDE. NetBeans GUI builder a.k.a Mattise is perhaps the best Java UI designer I have ever worked with. Well, it is good enough to make me switch from Eclipse IDE to NetBeans IDE  as my primary development platform :-)<br /><br />Under the hood, project Replication Server UI (internally we call it Replication Console) is built upon best coding practices as well as utilizes MVC and several GOF design patterns. Build as pure swing based thin client, it uses RMI to communicate with backend Replication Servers and web services to communicate with EnterpriseDB DBA Management Server.<br /><br />Here is the screenshot of the upcoming Replication Server Beta 2 UI.<br /><br /><a onblur="try {parent.deselectBloggerImageGracefully();} catch(e) {}" href="http://photos1.blogger.com/blogger/2294/965/1600/rrep-ui-beta2.png"><img style="margin: 0px auto 10px; display: block; text-align: center; cursor: pointer;" src="http://photos1.blogger.com/blogger/2294/965/320/rrep-ui-beta2.png" alt="" border="0" /></a><br /><br />Other cool things that I am "responsible" for integrating in this project are: .1. Integrating AXIS based web services engine to control replication servers life cycles, .2. extending JBoss Microcontroller (JBoss MBean Services) to hook up replication servers with DBA Management Server and last but not least, several backend code refactoring back in the days of Beta 0 and Beta 1 :-)<div style="clear:both; padding-bottom:0.25em"></div>		2006-08-23 22:54:00	Default
35	EnterpriseDB Wins Best Database Award at LinuxWorld	<div style="clear:both;"></div><span style="font-size:85%;"> EnterpriseDB Wins Best Database Award at LinuxWorld for Second Consecutive Year; Enterprise Open Source Database Takes Top Honor, Besting Oracle, Others...</span><br /><br /><a href="http://www.enterprisedb.com/news_events/press_releases/18_08_06.do">http://www.enterprisedb.com/news_events/press_releases/18_08_06.do</a><br /><br />Well, since it is my company, I won't say much :-), just that I am so proud.<div style="clear:both; padding-bottom:0.25em"></div>		2006-08-23 22:22:00	Default
36	Sun Certified Business Component Developer for J2EE 1.3	<div style="clear:both;"></div>Today on Friday, March 10, 2006 around 3'o clock I have attempted and cleared Sun Certified Business Component Developer for J2EE 1.3 with flying colors ... an excellent score of 95% .... 67 correct questions out of a total of 70 questions .... hip hip hurray :-)<div style="clear:both; padding-bottom:0.25em"></div>		2006-03-10 17:30:00	Default
37	Neural Network using Java	<div style="clear:both;"></div><a href="http://diwww.epfl.ch/mantra/tutorial/english/">Neural Java Index</a>: "Neural Networks Tutorial with Java Applets"<div style="clear:both; padding-bottom:0.25em"></div>		2006-03-02 18:56:00	Default
38	FlazX - EBooks	<div style="clear:both;"></div><a href="http://www.flazx.com/index.php">FlazX - Welcome to your Computer &amp; IT learning center</a><div style="clear:both; padding-bottom:0.25em"></div>		2006-02-15 17:09:00	Default
39	Autopackage : Easy Linux Software Installation	<div style="clear:both;"></div><a href="http://autopackage.org/index.html">Autopackage : Easy Linux Software Installation</a>: "Autopackage makes software installation on Linux easy. Software distributed using Autopackage can be installed on multiple Linux distributions and integrate well into the desktop environment."<div style="clear:both; padding-bottom:0.25em"></div>		2006-01-31 15:41:00	Default
40	Windows XP: Changing IP Address, Gateway and DNS from command line (or batch script)	<div style="clear:both;"></div>netsh interface ip set address [connection] static [ip] [mask] [gateway] 1<br /><br />netsh interface ip set dns [connection] static [first]<br /><br />netsh interface ip add dns [connection] [second] index=2<br /><br />For example, Following entries will change network connection "Local Area Connection" with IP address 10.10.1.15, Mask 255.255.255.0, Gateway 10.0.0.10 and Primary DNS 10.90.1.1 and Seconday DNS 10.90.1.2 (All values are hypothetical)<br /><blockquote><br />netsh interface ip set address "Local Area Connection" static 10.10.1.15 255.255.255.0 10.0.0.10  1<br /><br />netsh interface ip set dns "Local Area Connection" static 10.90.1.1<br /><br />netsh interface ip add dns "Local Area Connection" 10.90.1.2 index=2<br /></blockquote><br /><br />Using above entries/commands one can update network settings/configuration of Laptop in different LAN environments.<div style="clear:both; padding-bottom:0.25em"></div>		2006-01-26 19:57:00	Default
41	Universal Console Redirector - The Code Project - Threads, Processes , IPC	<div style="clear:both;"></div><a href="http://www.codeproject.com/threads/consolepipe.asp">Universal Console Redirector - The Code Project - Threads, Processes &amp; IPC</a><div style="clear:both; padding-bottom:0.25em"></div>		2006-01-05 20:37:00	Default
42	JSF Tutorial from Marty Hall and coreservlets.com	<div style="clear:both;"></div><a href="http://www.coreservlets.com/JSF-Tutorial/">JSF Tutorial from Marty Hall and coreservlets.com</a><div style="clear:both; padding-bottom:0.25em"></div>		2005-12-28 18:20:00	Default
43	Cewolf - Chart Enabling Web Object Framework	<div style="clear:both;"></div>Cewolf can be used inside a Servlet/JSP based web application to embed complex graphical charts of all kinds (e.g. line, pie, bar chart, plots, etc.) into a web page. Therefore it provides a full featured tag library to define all properties of the chart (colors, strokes, legend, etc.). Thus the JSP which embedds the chart is not polluted with any java code. Everything is described with XML conform tags.<div style="clear:both; padding-bottom:0.25em"></div>		2005-12-28 17:47:00	Default
44	Drawing eyes...	<div style="clear:both;"></div><a href="http://startart.artlair.com/tut_eyes1.html">Drawing Eyes...</a><div style="clear:both; padding-bottom:0.25em"></div>		2005-12-08 20:27:00	Default
45	Sed one liner examples	<div style="clear:both;"></div><a href="http://www.student.northpark.edu/pemente/sed/sed1line.txt">Sed one liner</a><div style="clear:both; padding-bottom:0.25em"></div>		2005-11-30 22:05:00	Default
46	Automatic form submission after specified time using javascript	<div style="clear:both;"></div>Put following code after your form tag:<br /><code><br />&lt;script language="Javascript"&gt;<br />function doSubmit() {<br /><br />//asubmit is the name of the SUBMIT button in the form<br />document.yourForm.asubmit.click();<br />}<br />//auto submit after 5 second<br />setTimeout("doSubmit()",5000);<br />&lt;/script&gt;<br /></code><div style="clear:both; padding-bottom:0.25em"></div>		2005-11-23 16:59:00	Default
47	Eid Greetings	<div style="clear:both;"></div>Eid Greetings .... today would be the last day of holy month Ramadan and tomorrow would be Eid InshaAllah.\r\n<br /><div style="clear:both; padding-bottom:0.25em"></div>		2005-11-03 14:29:00	Default
49	NIST Internet Time Service	<div style="clear:both;"></div><a href="http://tf.nist.gov/timefreq/service/its.htm">NIST Internet Time Service</a>: "Set Your Computer Clock Via the Internet\r\n<br />NIST Internet Time Service (ITS)"<div style="clear:both; padding-bottom:0.25em"></div>		2005-10-20 15:30:00	Default
50	Free Java JSP Servlet Web Hosting and WebServices Hosting	<div style="clear:both;"></div><a href="http://s43.eatj.com/index.jsp">Free Java JSP Servlet Web Hosting and WebServices Hosting</a>: "Java servlet/JSP/MySQL web hosting, web service hosting, J2SE 5.0(1.5), Apache 2.0, Tomcat 5.5 (Private JVM), MySQL 4.1(Your own db), SMTP, POP accounts, 99% uptime, 24x7 monitoring."<div style="clear:both; padding-bottom:0.25em"></div>		2005-10-20 15:21:00	Default
51	LinuxQuestions.org- How To Configure the KDE 3.3 Menu manually (without KMenuEdit) - LinuxAnswers	<div style="clear:both;"></div><a href="http://www.linuxquestions.org/questions/answers.php?action=viewarticle&amp;artid=319">LinuxQuestions.org- How To Configure the KDE 3.3 Menu manually (without KMenuEdit) - LinuxAnswers</a><div style="clear:both; padding-bottom:0.25em"></div>		2005-10-14 15:30:00	Default
52	Rob van der Woude's Scripting Pages: Batch Files, Rexx, KiXtart, Perl, VBScript	<div style="clear:both;"></div><a href="http://www.robvanderwoude.com/">Rob van der Woude's Scripting Pages: Batch Files, Rexx, KiXtart, Perl, VBScript</a><div style="clear:both; padding-bottom:0.25em"></div>		2005-09-26 19:20:00	Default
53	Javassist	<div style="clear:both;"></div><a href="http://www.csg.is.titech.ac.jp/~chiba/javassist/">Javassist</a>:\n<br />\n<br />"Javassist (Java Programming Assistant) makes Java bytecode manipulation simple. It is a class library for editing bytecodes in Java; it enables Java programs to define a new class at runtime and to modify a class file when the JVM loads it. Unlike other similar bytecode editors, Javassist provides two levels of API: source level and bytecode level. If the users use the source-level API, they can edit a class file without knowledge of the specifications of the Java bytecode. The whole API is designed with only the vocabulary of the Java language. You can even specify inserted bytecode in the form of source text; Javassist compiles it on the fly. On the other hand, the bytecode-level API allows the users to directly edit a class file as other editors."<div style="clear:both; padding-bottom:0.25em"></div>		2005-09-21 15:02:00	Default
54	Java Examples - JExamples.com	<div style="clear:both;"></div><a href="http://www.jexamples.com/">Java Examples - JExamples.com</a> We analyze the source code of production Java open source projects such as Ant, Tomcat and Batik and load that analysis into a java examples database designed for easy searching. You enter the name of a Java API Class you want to see example invocations of and click Search.<div style="clear:both; padding-bottom:0.25em"></div>		2005-09-20 11:24:00	Default
55	pastebin - collaborative debugging tool	<div style="clear:both;"></div><a href="http://pastebin.com/">pastebin - collaborative debugging tool</a><br /><br />You have some code that you want to share on some forum or with a group of people on internet, use the above site, it does exactly that.<br /><br />You will get a URL like <a href="http://pastebin.com/365340">http://pastebin.com/365340</a><br /><br />Simply excellent.<br /><br />--Uzi<div style="clear:both; padding-bottom:0.25em"></div>		2005-09-16 15:46:00	Default
56	How to create and use a patch in Linux	<div style="clear:both;"></div><a href="http://www.cpqlinux.com/patch.html">How to create and use a patch in Linux</a><div style="clear:both; padding-bottom:0.25em"></div>		2005-09-16 12:31:00	Default
57	SNMP4J - Free Open Source SNMP API for Java	<div style="clear:both;"></div><a href="http://www.snmp4j.org/">SNMP4J - Free Open Source SNMP API for Java</a>\n<br />The SNMP4J Java SNMP API provides the following features:\n<br />\n<br />    * SNMPv3 with MD5 and SHA authentication and DES and AES 128, AES 192, and AES 256 privacy.\n<br />    * Pluggable Message Processing Models with implementations for MPv1, MPv2c, and MPv3\n<br />    * All PDU types.\n<br />    * Pluggable transport mappings. UDP and TCP are supported out-of-the-box.\n<br />    * Pluggable timeout model.\n<br />    * Synchronous and asynchronous requests.\n<br />    * Command generator as well as command responder support.\n<br />    * Free open source with the Apache license model\n<br />    * Javau201au00d1u00a2 1.4.1 or later\n<br />    * Logging based on Log4J\n<br />    * Row-based efficient asynchronous table retrieval with GETBULK.\n<br />    * Multi-threading support.\n<br />    * JUnit tests (will be available soon)\n<br />\n<br />The SNMP4J-Agent pure Java SNMP agent API adds command responder support to the SNMP4J core API and comes with:\n<br />\n<br />    * Implementations for SNMP-TARGET-MIB, SNMP-NOTIFICATION-MIB, SNMP-FRAMEWORK-MIB, SNMPv2-MIB, SNMP-COMMUNITY-MIB, SNMP-USER-BASED-SM-MIB, SNMP-VIEW-BASED-ACM-MIB, and SNMP-MPD-MIB.\n<br />    * SNMPv1,v2c,v3 multi-lingual agent support, including MD5 and SHA authentication as well as DES and AES(128, 196, 256) privacy.\n<br />    * IPv4/IPv6 UDP and TCP support.\n<br />    * Code generation from MIB specifications is provided through AgenPro 2 which is a language and API independent template based code generator with round-trip generation facilities. <div style="clear:both; padding-bottom:0.25em"></div>		2005-09-13 11:19:00	Default
58	ClockLink.com	<div style="clear:both;"></div><blockquote><br /><a href="http://www.clocklink.com">Clock Link</a> provides fashionable clocks that you can easily embed in your web page. All you need to do is simply paste the tag on your web page. Our clock will display the city name of your choice if you choose. You can also choose a time zone for your clock so it will show the correct time. Decorate your website with our clocks.<br /></blockquote><br /><br />I have used this clock in my blogger as well. Take a look at the right side, Pakistan Standard Time. Neat.....<div style="clear:both; padding-bottom:0.25em"></div>		2005-09-09 08:38:00	Default
67	Java Examples from The Java Developers Almanac 1.4	<div style="clear:both;"></div><a href="http://javaalmanac.com/">Java Examples from The Java Developers Almanac 1.4</a>\n<br />The best resource to obtain quick, short, useful java code snippets. I simply adore this site.<div style="clear:both; padding-bottom:0.25em"></div>		2005-07-26 17:08:00	Default
68	Linux: Determine your distro	<div style="clear:both;"></div>Using <span style="font-style:italic;">cat /etc/issue</span> command should let you know your linux distribution.<br /><br />Here is output of this command on my system:<br /><blockquote><br />[usman@isb-usman ~]$ cat /etc/issue<br />Fedora Core release 4 (Stentz)<br />Kernel \\r on an \\m<br /></blockquote><div style="clear:both; padding-bottom:0.25em"></div>		2005-07-26 15:12:00	Default
71	C-JDBC - Clustered JDBC	<div style="clear:both;"></div><a href="http://c-jdbc.objectweb.org/">C-JDBC - Clustered JDBC</a>: "C-JDBC is a free open source database cluster middleware that allows any Java application (standalone application, servlet or EJB container, ...) to transparently access a cluster of databases through JDBC(tm). The database is distributed and replicated among several nodes and C-JDBC balances the queries among these nodes. C-JDBC handles node failures and provides support for checkpointing and hot recovery."<div style="clear:both; padding-bottom:0.25em"></div>		2005-07-11 17:53:00	Default
81	Google Suggest - Beta	<div style="clear:both;"></div><a href="http://www.google.com/webhp?complete=1&amp;hl=en">Google Suggest - Beta</a> As you type, Google will offer suggestions. Use the arrow keys to navigate the results. <a href="http://labs.google.com//suggestfaq.html">Learn more</a><div style="clear:both; padding-bottom:0.25em"></div>		2005-06-26 19:25:00	Default
87	Affan's Blog: Sharks ... what about 'em? (Part 1)	<div style="clear:both;"></div><a href="http://affans.blogspot.com/2005/06/sharks-what-about-em-part-1.html">Affan's Blog: Sharks ... what about 'em? (Part 1)</a> Here is an interesting article about "sharks" ....\r\n<br />\r\n<br />Fact 1: Shark is our company's official logo\r\n<br />Fact 2: Affan is a very good n old friend of mine. He was also my university fellow.\r\n<br />Fact 3: He happens to be VP in our company :-)\r\n<br />\r\n<br />Enjoy,<div style="clear:both; padding-bottom:0.25em"></div>		2005-06-23 18:24:00	Default
60	Using urdu fonts in Java	<div style="clear:both;"></div>Other day someone asked me how to use Urdu fonts in Java. So for a sample java program that uses urdu font, you need to do following:<br /><br />1. Download Nafees Nastaleeq Urdu font from <a href="http://http://www.crulp.org/Downloads/Nafees%20Nastaleeq(Updated).ttf">CRULP</a>.<br /><br />2. Copy the font in C:\\WINDOWS\\Fonts folder<br /><br />3. Create following java program. It should display "Usman" in Urdu.<br /><br /><code><br />    import java.awt.*;<br />    import javax.swing.*;<br />    <br />    public class BasicDraw {<br />        public static void main(String[] args) {<br />            new BasicDraw();<br />        }<br />        BasicDraw() {<br />            // Create a frame<br />            JFrame frame = new JFrame();<br />    <br />            // Add a component with a custom paint method<br />            frame.getContentPane().add(new MyComponent());<br />    <br />            // Display the frame<br />            int frameWidth = 200;<br />            int frameHeight = 200;<br />            frame.setSize(frameWidth, frameHeight);<br />            frame.setVisible(true);<br />        }<br />    <br />        class MyComponent extends JComponent {<br />            // This method is called whenever the contents needs to be painted<br />            public void paint(Graphics g) {<br />     int style = Font.PLAIN;<br />            int size = 24;<br />            Font font = null;<br />     font = new Font("Nafees Nastaleeq", style, size);<br />     String text = "\\u005cu0639\\u005cu062b\\u005cu0645\\u005cu0627\\u005cu0646";<br />     g.setFont(font);<br />    <br />            // Draw a string such that its base line is at x, y<br />            int x = 80;<br />            int y = 40;<br />            g.drawString(text, x, y);<br />            }<br />        }<br />    }<br /></code><br /><br />4. The resulting image should look like:<br /><a onblur="try {parent.deselectBloggerImageGracefully();} catch(e) {}" href="http://photos1.blogger.com/blogger/2294/965/1600/usman_urdu_java.jpg"><img style="display:block; margin:0px auto 10px; text-align:center;cursor:pointer; cursor:hand;" src="http://photos1.blogger.com/blogger/2294/965/320/usman_urdu_java.jpg" border="0" alt="" /></a><div style="clear:both; padding-bottom:0.25em"></div>		2005-09-08 12:09:00	Default
62	Experience with open source office productivity softwares	<div style="clear:both;"></div>I have recently switched over to following two greate open source tools:<br /><br />Sun OpenOffice 1.9.122 (open source replacement for MS Office)<br />Mozilla Thunderbird (email client)<br /><br />So far my experience with both of these softwares is quite good. <br /><br />Besides the above two, following are other open source softwares I am using on my MS Windows platform:<br /><br />Gaim 1.4.0 (Instant Messaging Tool for Yahoo, MSN and many more)<br />ASpell (Spell checker)<br />Mozilla Firefox (Internet browser)<br />7-Zip (Compression tool handles zip, rar and many more compression algorithms)<br /><br />Following great softwares are also on my PC (not open source but free):<br /><br />FlashGet (Download manager)<br />SmartCVS (although I have purchased professioanl license, but its available for free as foundation version)<br />Acrobat Reader 7.0<br />K-Lite Codec Pack (useful collection of mostly used codecs)<br /><br />Enjoy,<br /><br />Uzi<div style="clear:both; padding-bottom:0.25em"></div>		2005-08-19 16:52:00	Default
64	Whitespace programming language	<div style="clear:both;"></div><a href="http://compsoc.dur.ac.uk/whitespace/index.php">Whitespace Programming language</a>, a new language out there with only three tokens: space, tab and line feed.<br /><blockquote><br />The language itself is an imperative, stack based language. Each command consists of a series of tokens, beginning with the Instruction Modification Parameter (IMP). These are listed in the table below.<br /><br />IMP        Meaning<br />[Space]  Stack Manipulation<br />[Tab][Space] Arithmetic<br />[Tab][Tab] Heap access<br />[LF]             Flow Control<br />[Tab][LF]   I/O<br /><br /></blockquote><br /><br />Here is a sample ws program from their tutorial:<br /><blockquote><br /><h3>Annotated Example</h3><br />Here is an annotated example of a program which counts from 1 to 10, outputting<br />the current value as it goes.<br /><br />[Space][Space][Space][Tab][LF] Put a 1 on the stack<br /><br />[LF][Space][Space][Space][Tab][Space][Space]<br />[Space][Space][Tab][Tab][LF]<br />Set a Label at this point<br /><br /><br />[Space][LF][Space]Duplicate the top stack item<br /><br />[Tab][LF][Space][Tab]Output the current value<br /><br />[Space][Space][Space][Tab][Space][Tab][Space][LF]<br />Put 10 (newline) on the stack...<br /><br />[Tab][LF][Space][Space]...and output the newline<br /><br /><br />[Space][Space][Space][Tab][LF]Put a 1 on the stack<br /><br />[Tab][Space][Space][Space]Addition. This increments our current value.<br /><br />[Space][LF][Space]Duplicate that value so we can test it<br /><br />[Space][Space][Space][Tab][Space][Tab][Tab][LF]<br />Push 11 onto the stack<br /><br /><br />[Tab][Space][Space][Tab]Subtraction. So if we've reached the end, we have a zero on the stack.<br /><br />[LF][Tab][Space][Space][Tab][Space][Space]<br />[Space][Tab][Space][Tab][LF]If we have a zero, jump to the end<br /><br /><br />[LF][Space][LF][Space][Tab][Space]<br />[Space][Space][Space][Tab][Tab][LF]<br />Jump to the start<br /><br /><br />[LF][Space][Space][Space][Tab][Space]<br />[Space][Space][Tab][Space][Tab][LF]<br />Set the end label<br /><br /><br />[Space][LF][LF]Discard our accumulator, to be tidy<br /><br />[LF][LF][LF]Finish<br /><p><br />What could be simpler? The source code for this program is available<br /><a href="http://compsoc.dur.ac.uk/whitespace/count.ws">here</a>. Have fun!<br /></p><br /></blockquote><div style="clear:both; padding-bottom:0.25em"></div>		2005-08-04 20:18:00	Default
65	EnterpriseDB selected as Best Database Solution at LinuxWorld San Francisco 2005 Finalists	<div style="clear:both;"></div>EnterpriseDB is selected as one of the "Best Database Solution" at LinuxWorld San Francisco 2005 Finalists.<br /><br />This is really an honor for me as an employee of EnterpriseDB and Lead on EDB-Installer to see our product listed in Linux World's Best Database Solution finalists.<br /><br />Cool.... :-)<div style="clear:both; padding-bottom:0.25em"></div>		2005-08-02 21:45:00	Default
66	Faster MS Office Outlook	<div style="clear:both;"></div>Here is the recipe for a faster outlook.<br /><br /><blockquote>Turn off MS Word as editor from Tools->Options->Mail Format->Uncheck Use Microsoft Office Word ....<br /><br />"Compose in this Message format" should be Plain Text.<br /></blockquote><br /><br /><span style="font-weight:bold;">Consequences</span><br />MS Word is off loaded from memory, making outlook much faster. Good thing....<br /><br />No spelling check .... very very bad!<br /><br />Here is the (free) solution for spell check not only in "MS-Word free Outlook" but in any other windows application.<br /><br />Download and install <a href="http://hcidesign.com/freespell/">FreeSpell</a> which is based on <a href="http://aspell.net/win32/">ASpell</a>.<br /><br />Freespell does the trick, select any text in any application, hit the Freespell key combination (by default WindowsKey+Z), Aspell comes into play and you have your mistake free text replaced.<br /><br />The only drawback of FreeSpell is that it can not be minimize to system tray. So, download another (free) utility that can make any windows application iconify to System Tray, its called <a href="http://www.teamcti.com/TrayIt">TrayIt!</a>. No installation required, just run the downloaded executable, press CTRL, minimize your desired application and there it goes into system tray ... Neat isn't it :-).<br /><br />Now I have cleaner, faster Outlook, and usable spell checker .....<br /><br />Enjoy!<div style="clear:both; padding-bottom:0.25em"></div>		2005-08-02 18:18:00	Default
82	7-Zip (Opensource file archiver)	<div style="clear:both;"></div><a href="http://www.7-zip.org/">7-Zip</a>\r\n<br />7-Zip is a file archiver with high compression ratio.\r\n<br />\r\n<br />7-Zip is free software distributed under the GNU LGPL.\r\n<br />\r\n<br />The main features of 7-Zip:\r\n<br />\r\n<br />    * High compression ratio in new 7z format with LZMA compression\r\n<br />    * 7-Zip is free software distributed under the GNU LGPL\r\n<br />    * Supported formats: 7z, ZIP, CAB, RAR, ARJ, GZIP, BZIP2, Z, TAR, CPIO, RPM and DEB\r\n<br />    * For ZIP and GZIP formats 7-Zip provides compression ratio that is 2-10 % better than ratio provided by PKZip and WinZip\r\n<br />    * Self-extracting capability for 7z format\r\n<br />    * Integration with Windows Shell\r\n<br />    * Powerful File Manager\r\n<br />    * Powerful command line version\r\n<br />    * Plugin for FAR Manager\r\n<br />    * Localizations for 55 languages\r\n<br /><div style="clear:both; padding-bottom:0.25em"></div>		2005-06-26 19:03:00	Default
83	Anonymizer: free web proxy, CGI proxy list, free anonymizers and the list of web anonymizers list	<div style="clear:both;"></div><a href="http://www.freeproxy.ru/en/free_proxy/cgi-proxy.htm">Anonymizer: free web proxy, CGI proxy list, free anonymizers and the list of web anonymizers list</a> ..... the description says it all!<div style="clear:both; padding-bottom:0.25em"></div>		2005-06-26 18:23:00	Default
70	What is faster - LinkedList of ArrayList? (Author: Dr. Heinz M. Kabutz)	<div style="clear:both;"></div>What is faster - LinkedList of ArrayList?\n<br />\n<br />As programmers, we often try to eke the last ounce of performance out of our collections. An interesting statement is this: "ArrayList is faster than LinkedList, except when you remove an element from the middle of the list." I have heard this on more than one occasion, and a few months ago, decided to try out how true that statement really was. Here is some code that I wrote during last week's Java 5 Tiger course:\n<br />\n<br />import java.util.*;\n<br />\n<br />public class ListTest {\n<br />  private static final int NUM_ELEMENTS = 100 * 1000;\n<br />  public static void main(String[] args) {\n<br />    List ar = new ArrayList();\n<br />    for (int i = 0; i &lt; NUM_ELEMENTS; i++) {\n<br />      ar.add(i);\n<br />    }\n<br />    testListBeginning(ar);\n<br />    testListBeginning(new LinkedList(ar));\n<br />    testListMiddle(ar);\n<br />    testListMiddle(new LinkedList(ar));\n<br />    testListEnd(ar);\n<br />    testListEnd(new LinkedList(ar));\n<br />  }\n<br />  public static void testListBeginning(List list) {\n<br />    long time = System.currentTimeMillis();\n<br />    for (int i = 0; i &lt; 10000; i++) {\n<br />      list.add(0, new Object());\n<br />      list.remove(0);\n<br />    }\n<br />    time = System.currentTimeMillis() - time;\n<br />    System.out.println("beginning " +\n<br />        list.getClass().getSimpleName() + " took " + time);\n<br />  }\n<br />  public static void testListMiddle(List list) {\n<br />    long time = System.currentTimeMillis();\n<br />    for (int i = 0; i &lt; 10000; i++) {\n<br />      list.add(NUM_ELEMENTS / 2, new Object());\n<br />      list.remove(NUM_ELEMENTS / 2);\n<br />    }\n<br />    time = System.currentTimeMillis() - time;\n<br />    System.out.println("middle    " +\n<br />        list.getClass().getSimpleName() + " took " + time);\n<br />  }\n<br />  public static void testListEnd(List list) {\n<br />    long time = System.currentTimeMillis();\n<br />    for (int i = 0; i < 10000000; i++) {\n<br />      list.add(new Object());\n<br />      list.remove(NUM_ELEMENTS);\n<br />    }\n<br />    time = System.currentTimeMillis() - time;\n<br />    System.out.println("end       " +\n<br />        list.getClass().getSimpleName() + " took " + time);\n<br />  }\n<br />}\n<br />  \n<br />\n<br />One small little addition in Java 5 is the method getSimpleName() defined inside Class. I do not know how many times I have needed such a method and have had to write it.\n<br />\n<br />The output is obvious, but surprising nevertheless in the extent of the differences:\n<br />\n<br />beginning ArrayList took 4346\n<br />beginning LinkedList took 0\n<br />middle    ArrayList took 2104\n<br />middle    LinkedList took 26728\n<br />end       ArrayList took 731\n<br />end       LinkedList took 1242\n<br />  \n<br />\n<br />Finding the element in the middle of the LinkedList takes so much longer that the benefits of just changing the pointer are lost. So, LinkedList is worse than ArrayList for removing elements in the middle, except perhaps if you are already there (although I have not tested that).\n<br />\n<br />So, when should you use LinkedList? For a long list that works as a FIFO queue, the LinkedList should be faster than the ArrayList. However, even faster is the ArrayBlockingQueue or the CircularArrayList that I wrote a few years ago. The answer is probably "never".\n<br />\n<br />Kind regards\n<br />\n<br />Heinz \n<br />\n<br /><a href="http://www.javaspecialists.co.za/archive/Issue111.html">Read it all here...</a>\n<br /><div style="clear:both; padding-bottom:0.25em"></div>		2005-07-13 16:50:00	Default
72	JBoss EJB 3.0 Beta 1	<div style="clear:both;"></div><a href="http://jboss.org/jbossBlog/blog/bburke/2005/06/24/JBoss_EJB_3_0_Beta_1_Released.txt">JBoss EJB 3.0 Beta 1</a>\n<br />\n<br />The JBoss Group has announced the availability of EJB 3.0 Beta 1. 'This release models as closely as possible to the upcoming Public Draft of the EJB 3.0 specification. The spec was a fast moving target the past few weeks, so we still need to cross the T's and dot the i's as far as spec compliance goes. We plan on doing another release sometime in July to complete some of the minor stuff we are missing. Special thanks goes especially to Emmanuel Bernard, Bill DeCoste, and of course Gavin 'guys! guys!' King.'\n<br />\n<br /><a href="http://jboss.org/jbossBlog/blog/bburke/2005/06/24/JBoss_EJB_3_0_Beta_1_Released.txt">Full Story:</a>\n<br />\n<br />(Source: java.net)<div style="clear:both; padding-bottom:0.25em"></div>		2005-07-11 17:48:00	Default
73	alphaWorks : Remote System Management Tool : Overview	<div style="clear:both;"></div><a href="http://www.alphaworks.ibm.com/tech/rsmt?open&amp;S_TACT=105AGX59&amp;S_CMP=GR&amp;ca=dgr-jw06awrsmt">alphaWorks : Remote System Management Tool : Overview</a>: "Remote System Management Tool\n<br />\n<br /><strong>An integrated environment for remote system management, including file systems, users, and processes on any UNIX or Windows server.</stong>\n<br /><blockquote>\n<br /><em>What is Remote System Management Tool?</em>\n<br />\n<br />Remote Server Management Tool is an Eclipse plug-in that provides an integrated graphical user interface (GUI) environment and enables testers to manage multiple remote servers simultaneously. The tool is designed as a management tool for those who would otherwise telnet to more than one server to manage the servers and who must look at different docs and man pages to find commands for different platforms in order to create or manage users and groups and to initiate and monitor processes. This tool handles these operations on remote servers by using a user-friendly GUI; in addition, it displays configuration of the test server (number of processors, RAM, etc.). The activities that can be managed by this tool on the remote and local server are divided as follows:\n<br />\n<br />    * Process Management: This utility lists the process running on UNIX and Windowsu00acu00c6 servers. One can start and stop processes. Along with process listing, the utility also provides details of the resources used by the process.\n<br />\n<br />    * User Management: This utility facilitates creation of users and groups on UNIX servers; it also provides options for listing, creating, deleting, and modifying the attributes of users and groups.\n<br />\n<br />    * File Management: This utility acts as a windows explorer for any selected server, irrespective of its operating system. One can create, edit, delete, and copy files and directories on local or remote servers. Testers can tail the remote files.\n<br />\n<br /><em>How does it work?</em>\n<br />This Eclipse plug-in was written with the Standard Widget Toolkit (SWT). The tool has a perspective named Remote System Management; the perspective consists of test servers and a console view. The remote test servers are mounted in the Test Servers view for management of their resources (process, file system, and users or groups).\n<br />\n<br />At the back end, this Eclipse plug-in uses the Software Test Automation Framework (STAF). STAF is an open-source framework that masks the operating system-specific details and provides common services and APIs in order to manage system resources. The APIs are provided for a majority of the languages. Along with the built-in services, STAF also supports external services. The Remote Server Management Tool comes with two STAF external services: one for user management and another for proving system details. \n<br /></blockquote><div style="clear:both; padding-bottom:0.25em"></div>		2005-07-09 20:26:00	Default
69	Redhat Gnome 2 Menu categories	<div style="clear:both;"></div><a href="https://www.redhat.com/archives/fedora-list/2004-April/msg02572.html">Redhat Gnome 2 Menu categories</a><div style="clear:both; padding-bottom:0.25em"></div>		2005-07-20 20:37:00	Default
75	Open Source Release For Sun's App Server	<div style="clear:both;"></div>Open Source Release For Sun's App Server \r\n<br />By Jim Wagner \r\n<br /><blockquote>\r\n<br />Sun Microsystems (Quote, Chart) is quietly releasing the source code to the upcoming Java System Application Server, Platform Edition 9, under the GlassFish project, named after a semi-transparent aquarium fish. \r\n<br />\r\n<br />The company is expected to release the source code for its Java-based application server under a new open source license as it kicks off its JavaOne conference in San Francisco today.\r\n<br /></blockquote>\r\n<br /><a href="http://www.internetnews.com/dev-news/article.php/3515651">Read more here...</a><div style="clear:both; padding-bottom:0.25em"></div>		2005-07-09 20:15:00	Default
84	MyJavaServer - Free Java hosting service	<div style="clear:both;"></div><a href="http://www.myjavaserver.com/">MyJavaServer</a>. The free java hosting service. I have utilized this when it used to be known as mycgiserver.com. I must say, you ought to try it, it will only take your time and skill, no money whatsoever. I my early days of testing java online, I created following site <a href="http://www.myjavaserver.com/~jmaster">jMaster</a> ... those golden old university days......<div style="clear:both; padding-bottom:0.25em"></div>		2005-06-26 17:57:00	Default
85	[SmartCVS]	<div style="clear:both;"></div><a href="http://www.smartcvs.com/">[SmartCVS]</a> Perhaps the best CVS tool that I have used ever. Worth every penny I spend on it! ($70)<div style="clear:both; padding-bottom:0.25em"></div>		2005-06-24 20:26:00	Default
77	Fedora Core 4 Tips and Tricks	<div style="clear:both;"></div><a href="http://home.gagme.com/greg/linux/fc4-tips.php">Fedora Core 4 Tips & Tricks</a>. Wish to take your Fedora Core 4 experience to next level, try the tips presented in this link. They offer all those things which by default are not part of official Fedora Core 4 but they should be!<br /><br />I setup successfully XMMS MP3 plugin, Xine DVD player, NTFS Module and Flash plugin (which I require most).<br /><br />I am enjoying it since Fedora Core 2.<br /><br />Great stuff ...<div style="clear:both; padding-bottom:0.25em"></div>		2005-07-08 19:59:00	Default
78	Pakistan Times | Top Story: Major Internet disruption in Pakistan continues for 4th consecutive day	<div style="clear:both;"></div><a href="http://www.pakistantimes.net/2005/07/01/top1.htm">Pakistan Times | Top Story: Major Internet disruption in Pakistan continues for 4th consecutive day</a><div style="clear:both; padding-bottom:0.25em"></div>		2005-07-08 16:21:00	Default
79	Beyond the obvious	<div style="clear:both;"></div><a href="http://shahzadkhokhar.blogspot.com/">Beyond the obvious</a> ..... <strong>respect!</strong> ..... the man that groom me professionaly, give me chance to prove myself ....... I have utmost respect for him ..... <div style="clear:both; padding-bottom:0.25em"></div>		2005-06-27 12:56:00	Default
86	Avoiding Java Runtime exec method space problem	<div style="clear:both;"></div>Typical way of executing an external process in java is using java.lang.Runtime class' exec method.<br /><br />Its most comman usage is<br /><span style="font-size:85%;"><span style="font-family:courier new;">getRuntime().exec("c:\\\\somefolder\\\\somecommand.exe");</span></span><br /><br />Assume there is a space in the folder, amazingly the above form will work, for instance<br /><span style="font-size:85%;"><span style="font-family:courier new;">getRuntime().exec("c:\\\\some folder\\\\somecommand.exe");</span></span><br /><br />But this form will fail if we have two or more consective spaces, for instance<br /><span style="font-size:85%;"><span style="font-family:courier new;">getRuntime().exec("c:\\\\some&nbsp;&nbsp;folder\\\\somecommand.exe");</span></span><br />It will raise java.io.IOException.<br /><br /><span style="font-size:85%;">Exception in thread "main" java.io.IOException: CreateProcess: C:\\<span style="font-family:courier new;">some folder</span>\\somecommand.exe error=2<br />   at java.lang.ProcessImpl.create(Native Method)<br />   at java.lang.ProcessImpl.<init>(Unknown Source)<br />   at java.lang.ProcessImpl.start(Unknown Source)<br />   at java.lang.ProcessBuilder.start(Unknown Source)<br />   at java.lang.Runtime.exec(Unknown Source)<br />   at java.lang.Runtime.exec(Unknown Source)<br />   at java.lang.Runtime.exec(Unknown Source)<br />   ...</init></span><br /><br />It seems that StringTokenizer used by exec(String) method is minimizing more that one white space to single space.<br /><br />The workaround is to create single element array of String holding command and pass it to exec method.<br /><span style="font-family:courier new;"><br /><span style="font-size:85%;">String[] command = new String[1]; //for providing arguments, create multiple elements</span></span><span style="font-size:85%;"><br /><span style="font-family:courier new;">command[0] = "c:\\\\some&nbsp;&nbsp;folder\\\\somecommand.exe";</span><br /></span><span style="font-family:courier new;"><span style="font-size:85%;">getRuntime().exec(command);</span><br /></span><br />and this time it works like a charm.<br /><br />Keep coding in java .... :-)<div style="clear:both; padding-bottom:0.25em"></div>		2005-06-23 22:52:00	Default
90	Articles published on developer.com	<div style="clear:both;"></div>Following are the articles of mine that are published on <a href="http://www.developer.com">Developer.com</a><br /><br />\n<br />\n<br /><a href="http://www.developer.com/xml/article.php/1380861">Using XML as an Application-Level Protocol</a><br />\n<br />\n<br /><a href="http://www.developer.com/java/ent/article.php/1356891">A Pattern/Framework for Client/Server Programming in Java</a><br />\n<br />\n<br /><a href="http://www.developer.com/java/other/article.php/3109251">Stopping Your Class from Being Inherited in Java, the Official Way and the Unofficial Way</a> <br />\n<br />\n<br /><a href="http://www.developer.com/services/article.php/3443951">Developing Java Web Services with AXIS</a> <br /><div style="clear:both; padding-bottom:0.25em"></div>		2005-06-18 13:05:00	Default
91	Ju Rao's Homepage: Free Computer Books	<div style="clear:both;"></div><a href="http://www.maththinking.com/boat/booksIndex.html">Ju Rao's Homepage: Free Computer Books</a> \n<br />\n<br />The best resource of publicly, freely and legally available ebooks on net. I learned a lot from the ebooks refered from this resource.\n<br />\n<br />It does not hosts the books, it provides the links to the original books where they are hosted.<div style="clear:both; padding-bottom:0.25em"></div>		2005-06-17 20:52:00	Default
92	FireTune: Speedup, tweak, optimize and tune Firefox easily - faster browsing, faster surfing - faster connection for Mozilla Firefox	<div style="clear:both;"></div><a href="http://www.totalidea.com/freestuff4.htm">FireTune: Speedup, tweak, optimize and tune Firefox easily - faster browsing, faster surfing - faster connection for Mozilla Firefox</a>\n<br />\n<br />Yes, it works ..... pages are opening up much faster than before. I pick settings Faster Computer/Faster Connection.\n<br />\n<br />Best of all, its free!<div style="clear:both; padding-bottom:0.25em"></div>		2005-06-17 20:48:00	Default
93	Xtra-Google - The Best of Google on one searchable page	<div style="clear:both;"></div><a href="http://www.xtragoogle.com/">Xtra-Google - The Best of Google on one searchable page</a>\n<br />\n<br />Find this page while searching, a definite for googlers :). This page is not associated with Google Inc.<div style="clear:both; padding-bottom:0.25em"></div>		2005-06-17 16:38:00	Default
94	Fedora Project, sponsored by Red Hat	<div style="clear:both;"></div><a href="http://fedora.redhat.com/">Fedora Project, sponsored by Red Hat</a> Fedora Core 4 is now available. Once downloaded and installed I'll post my user experience with this new version of Fedora Core.<div style="clear:both; padding-bottom:0.25em"></div>		2005-06-14 16:47:00	Default
95	Don't hate the hacker, hate the code	<div style="clear:both;"></div>Whoever said that, I totally agree with it. Writing code that doesn't break is an ethical responsiblity of every coder.\n<br />\n<br />I think to achive this, a coder has to think like a code breaker .... and how to think like a code breaker .... well you should be able to break code of others .... and ultimately yours own!<div style="clear:both; padding-bottom:0.25em"></div>		2005-06-13 16:07:00	Default
96	Orkut..More annoyance than comfort	<div style="clear:both;"></div><a href="http://orkut.com/">Orkut</a> .... Orkut proves that .NET is crashing when it is being loaded .... enormously ....<div style="clear:both; padding-bottom:0.25em"></div>		2005-06-13 15:58:00	Default
97	Interesting Java program	<div style="clear:both;"></div><span style="font-size:100%;"><br />This is perhaps the most interesting java behavior that I have encountered. Try to guess the output before actually compiling it and running it.<br /></span><br /><span style="font-size:85%;">public class Guess {<br />public static void main(String args[]) {<br />for(int i=0;i<=args.length;i++){<br />System.out.println(args[i]);<br />}<br />}</span><br /><span style="font-size:100%;">Run this program as follows:</span><br /><span style="font-size:85%;">>java Guess *</span><br /><span style="font-size:100%;"><br />If you think that program will produce * as output, then you are wrong my brother, you need to try it out yourself :)<br /><br />--Uzi<br /></span><div style="clear:both; padding-bottom:0.25em"></div>		2005-06-09 13:55:00	Default
89	DivX 6	<div style="clear:both;"></div><a href="http://download.divx.com/divx/DivXPlay.exe">DivX 6 Play Bundle</a>\r\n<br />\r\n<br />It is now considered to be rival of DVD since it now has capability of menus etc.<div style="clear:both; padding-bottom:0.25em"></div>		2005-06-20 02:33:00	Default
98	Wrapper over runas utility	<div style="clear:both;"></div>Runas is a useful Windows utility that allows to run programs as different users. But this utility can not be executed from batch files (password cannot be piped). Hence I comeup with my own program which is a wrapper over runas and it is scriptable.<br /><br />This is achived by utilizing another C++ class SendKeys, which I downloaded from <a href="http://www.codeproject.com/cpp/sendkeys_cpp_Article.asp">http://www.codeproject.com/cpp/sendkeys_cpp_Article.asp</a> . This is a useful piece of code that allows to "send keys" to another active application.<br /><br />Here is the code sample how I achieve this:<br /><br /><span style="font-size:78%;">CSendKeys sk;      </span><br /><span style="font-size:78%;">//create runas process     </span><br /><span style="font-size:78%;">STARTUPINFO si;        </span><br /><span style="font-size:78%;">PROCESS_INFORMATION pi;<br />ZeroMemory( &si, sizeof(si) );       </span><br /><span style="font-size:78%;">si.cb = sizeof(si);        </span><br /><span style="font-size:78%;">ZeroMemory( &pi, sizeof(pi) );</span><br /><br /><span style="font-size:78%;">if( !CreateProcess( NULL,   // No module name (use command line).       </span><br /><span style="font-size:78%;">(LPTSTR)(LPCTSTR)runas   , // Command line.    runas is like "c:\\\\windows\\\\system32\\\\runas.exe /env /user:user command"</span><br /><span style="font-size:78%;">NULL,             // Process handle not inheritable.    </span><br /><span style="font-size:78%;">NULL,             // Thread handle not inheritable.    </span><br /><span style="font-size:78%;">FALSE,            // Set handle inheritance to FALSE.    </span><br /><span style="font-size:78%;">CREATE_NEW_CONSOLE,// Openup process in a new console   </span><br /><span style="font-size:78%;">NULL,             // Use parent's environment block.    </span><br /><span style="font-size:78%;">NULL,             // Use parent's starting directory.    </span><br /><span style="font-size:78%;">&si,              // Pointer to STARTUPINFO structure.  </span><br /><span style="font-size:78%;"> &pi )             // Pointer to PROCESS_INFORMATION structure.  )   {  </span><br /><span style="font-size:78%;">    cerr << "CreateProcess failed:" <<><br /><span style="font-size:78%;">    return -1;  </span><br /><span style="font-size:78%;"> }  </span><br /><span style="font-size:78%;">WaitForInputIdle(pi.hProcess,INFINITE);<br />//activate it using sk  </span><br /><span style="font-size:78%;">sk.AppActivate((LPCTSTR)runasPath);   </span><br /><span style="font-size:78%;"></span><br /><span style="font-size:78%;">//pass password  (I pick it up from command line)</span><br /><span style="font-size:78%;">pass = pass + "{ENTER}";  </span><br /><span style="font-size:78%;">sk.SendKeys(pass);<br /></span><br /><span style="font-size:78%;">// Wait until child process exits. (make it an argument?)  </span><br /><span style="font-size:78%;">WaitForSingleObject( pi.hProcess, INFINITE );<br /></span><br /><span style="font-size:78%;">// Close process and thread handles.   </span><br /><span style="font-size:78%;">CloseHandle( pi.hProcess );  </span><br /><span style="font-size:78%;">CloseHandle( pi.hThread );</span><br /><span style="font-size:78%;"></span><br />This program can be called (from a .bat file, for example) RunAsAnotherUser username password command.<br /><br />Cheerz,<br /><br />--Uzi<div style="clear:both; padding-bottom:0.25em"></div>		2005-06-09 13:33:00	Default
101	Welcome to new site	Finally made the move to shift my blogging from blogger.com to personal hosting. I decided to use Nucleus CMS. Its quite extensive and customizable. I was able to port my old blog posts from blogger to this CMS. Technically, this becomes the first post.		2009-12-02 20:04:50	Default
104	Syntax highlighting test using Geshi plugin	This post is to test syntax highlighting.	<code class="java"><br />\n\npublic class Test {<br />\n\nstatic{<br />\n\n      System.out.println("static initializer");<br />\n\n}<br />\n\n<br />\n\npublic Test() {<br />\n\n  System.out.println("constructor");<br />\n\n  //annon inner clas<br />\n\n  new java.awt.event.ActionListener() {<br />\n\n  {<br />\n\n    //instance initializer<br />\n\n    System.out.println("inner class instance initializer");<br />\n\n  }<br />\n\n  public void actionPerformed(java.awt.event.ActionEvent e){}<br />\n\n  }; //inner class<br />\n\n}<br />\n\n<br />\n\n{<br />\n\nSystem.out.println("instance initializer");<br />\n\n}<br />\n\n<br />\n\npublic static void main(String a[]) throws ClassNotFoundException {<br />\n\n  Class.forName(a[0]);<br />\n\n  Test t = new Test();<br />\n\n  t = new Test();<br />\n\n  //Class c = Test.class;<br />\n\n}<br />\n\n}<br />\n\n</code>	2009-12-04 11:50:56	Default
107	List of my firefox Add-ons.	Following is the list of my firefox Add-ons.<br />\n\n<br />\n\nAdblock Plus<br />\n\nBookmarks Menu<br />\n\nDownloadHelper<br />\n\nDownThemAll!<br />\n\nFoxClocks<br />\n\nGoogle Bookmarks Button Reloaded<br />\n\nHide Caption Titlebar<br />\n\nLastPass<br />\n\nOmnibar<br />\n\nSlimbar<br />\n\nToggleMenubar<br />\n\n<br />\n\nSome of the above add-ons works best with Chromifox Basic theme.		2009-12-04 12:34:59	Default
108	VI Keyboard Shortcuts	<a href="http://www.keyxl.com/aaab462/105/VIM-Text-Editor-keyboard-shortcuts.htm">VI Keyboard Shortcuts</a><br />\n\n<br />\n\nTo open a new tab (if supported)<br />\n\n<br />\n\n:tabnew filename<br />\n\ngt (Move to other tab in normal mode)		2009-12-08 12:47:35	Default
111	Finding out directory of a user in Linux	<code class="bash">echo ~username</code> <br />\n\nor <br />\n\n<code class="bash"><br />\n\ndir = ~username<br />\n\necho $dir <br />\n\n</code> should do the trick from terminal window.		2009-12-09 12:07:22	Default
112	Ubuntu 8.10/9.04 Dual Head Monitors and multiple keyboard modes	<b>Dual Head Modes:</b><br />\r\n\r\nSwitching to VGA and turning off laptop screen<br />\r\n\r\n<pre class="brush: bash">xrandr --output LVDS --off --output VGA --auto</pre><br />\r\n\r\n<br />\r\n\r\nYou can switch back the outputs at the end of the presentation simply with a:<br />\r\n\r\n<pre class="brush: bash">xrandr --output LVDS --auto --output VGA --off</pre><br />\r\n\r\n<br />\r\n\r\nKeyboard layouts:<br />\r\n\r\n(External keyboard)<br />\r\n\r\n<pre class="brush: bash">setxkbmap us</pre><br />\r\n\r\n(Laptop)<br />\r\n\r\n<pre class="brush: bash">setxkb gb</pre>		2009-12-09 12:30:59	Default
114	Invalid or expired ticket at Nucleus CMS while adding item	This should be solved by optimizing/repair nucleus_tickets table (if it is being reported as overhead)		2009-12-09 12:32:19	Default
116	Changing file prefix in bulk in Linux	<pre class="brush: bash">\r\nfind . -name pg-\\*|awk '{a=$1;sub(/\\pg-/,"ppas-",a);printf "mv %-100s %s\\n",$1,a}'&gt;xyz\r\n</pre><br />\r\n\r\n<br />\r\n\r\nThis command will change the file names prefix from one to another. For example, I have files in current (and sub) directory as pg-aaa.x pg-bbb.x and I want to change these to ppas-aaa.x ppas-bbb.x. The commands will be directed to file xyz. Source it to run the actual commands. i.e. <pre>. xyz</pre>		2009-12-09 12:37:53	Default
117	Zekr - Open source Quran software	<a href="http://zekr.org/quran/">Zekr - Quran</a><br />\r\n\r\n<br />\r\n\r\nExcellent and accurate Quran software based on <a href="http://tanzil.info">tanzil.info</a>. Available for Windows, Linux and Mac.  <br />\r\n\r\n<br />\r\n\r\nIn order to run on Ubuntu (without using .deb), I made some modifications in the .sh file. I simply comment out check for MOZILLA_FIVE_HOME.<br />\r\n\r\n<br />\r\n\r\nSecondly, make sure you have downloaded Nafees Web Naksh font available from crulp.org, this will make urdu translation very readable.<br />\r\n\r\n<br />\r\n\r\nLastly, make sure that you have flashplugin-nonfree module installed, otherwise sound may not work.<br />\r\n\r\n<br />\r\n\r\nJazak Allah.		2009-12-25 17:57:06	Default
118	Launching bash as sub process from Java program	Recently one of my colleague who was attempting to mimic the 'host' command found in Oracle's 'sql*plus' (written in C) to EnterpriseDB's 'edb*plus' which is written in Java. <br />\r\n\r\n<br />\r\n\r\nBoth sql*plus and edb*plus are non-gui, shell based programs.<br />\r\n\r\n<br />\r\n\r\nThe 'host' command launches a new bash shell over top of current running sql*plus process. User use this new bash shell and when they type 'exit', the prompt again returns to to sql*plus.<br />\r\n\r\n<br />\r\n\r\nThis become quite a challenge to implement in Java. The typical approach that both my colleague and I come up with initially was to launch bash as <pre class="brush: java">Runtime.exec("bash")</pre> or <pre class="brush: java">Runtime.exec("bash -i")</pre> and use the process' inputstream and outputstream to communicate with bash. These approaches, however, didn't get us the bash prompt, that is we were not able to detach current running java program and introduce a new bash prompt.<br />\r\n\r\n<br />\r\n\r\nSo, i finally come up with following solution which seem to do the trick.	The trick is to go native. In our native code, we need to fork bash as a separate process and then wait for it. This is technically different from what Runtime.exec does. Runtime.exec technically calls bash in same process space and pass the arguments of exec to bash itself. Going native actually spawns a new process from JVM process itself. Here is the code:<br />\n\n<br />\n\nTestBash.java:<br />\n\n<code class="java"><br />\n\nimport java.io.*;<br />\n\n<br />\n\npublic class TestBash {<br />\n\n public static native void gonative();<br />\n\n<br />\n\n public static void main(String args[]) throws IOException {<br />\n\n  System.loadLibrary("gonativelib");<br />\n\n  <br />\n\n  BufferedReader br = new BufferedReader(new InputStreamReader(System.in));<br />\n\n  while(true) {<br />\n\n    System.out.print("edb*plus:");<br />\n\n    String line = br.readLine();<br />\n\n    if(line == null) line="";<br />\n\n    if(line.equalsIgnoreCase("host")) {<br />\n\n         gonative();<br />\n\n    }else if(line.equalsIgnoreCase("quit")) {<br />\n\n      break;<br />\n\n    }else {<br />\n\n\tSystem.err.println("valid commands: host, quit");<br />\n\n    }<br />\n\n  }<br />\n\n  System.exit(0);<br />\n\n }<br />\n\n<br />\n\n}<br />\n\n</code><br />\n\n<br />\n\ngonative.h:<br />\n\n<code class="C"><br />\n\n/* DO NOT EDIT THIS FILE - it is machine generated */<br />\n\n#include <jni.h><br />\n\n/* Header for class TestBash */<br />\n\n<br />\n\n#ifndef _Included_TestBash<br />\n\n#define _Included_TestBash<br />\n\n#ifdef __cplusplus<br />\n\nextern "C" {<br />\n\n#endif<br />\n\n/*<br />\n\n * Class:     TestBash<br />\n\n * Method:    gonative<br />\n\n * Signature: ()V<br />\n\n */<br />\n\nJNIEXPORT void JNICALL Java_TestBash_gonative<br />\n\n  (JNIEnv *, jclass);<br />\n\n<br />\n\n#ifdef __cplusplus<br />\n\n}<br />\n\n#endif<br />\n\n#endif<br />\n\n</code><br />\n\n<br />\n\ngonativelib.c:<br />\n\n<code class="C"><br />\n\n#include  <stdio.h><br />\n\n#include  <stdlib.h><br />\n\n#include  <sys/types.h><br />\n\n#include  <sys/wait.h><br />\n\n#include  <unistd.h><br />\n\n#include "gonative.h"<br />\n\n/* Spawn a child process running a new program. PROGRAM is the name<br />\n\n * of the program to run; the path will be searched for this program.<br />\n\n * ARG_LIST is a NULL-terminated list of character strings to be<br />\n\n * passed as the programu00eds argument list. Returns the process ID of<br />\n\n * the spawned process. */<br />\n\nint spawn (char* program, char** arg_list)<br />\n\n{<br />\n\n  pid_t child_pid;<br />\n\n  /* Duplicate this process. */<br />\n\n  child_pid = fork ();<br />\n\n  if (child_pid != 0)<br />\n\n     /* This is the parent process. */<br />\n\n     return child_pid;<br />\n\n  else {<br />\n\n     /* Now execute PROGRAM, searching for it in the path. */<br />\n\n     execvp (program, arg_list);<br />\n\n     /* The execvp function returns only if an error occurs. */<br />\n\n     fprintf (stderr, "an error occurred in execvp\\n");<br />\n\n     abort ();<br />\n\n  }<br />\n\n}<br />\n\n/*<br />\n\n * Native Method which will be called from Java class<br />\n\n */ <br />\n\nJNIEXPORT void JNICALL Java_TestBash_gonative (JNIEnv *env, jclass classname)<br />\n\n{<br />\n\n  int child_status;<br />\n\n  /* The argument list to pass to the "ls" command. */<br />\n\n  char* arg_list[] = {<br />\n\n     "bash",     /* argv[0], the name of the program. */<br />\n\n     NULL      /* The argument list must end with a NULL.  */<br />\n\n  };<br />\n\n  /* Spawn a child process running the "ls" command.   Ignore the<br />\n\n *       returned child process ID. */<br />\n\n  spawn ("bash", arg_list);<br />\n\n  /* Wait for the child process to complete. */<br />\n\n  wait (&child_status);<br />\n\n  /*<br />\n\n  if (WIFEXITED (child_status))<br />\n\n  printf ("the child process exited normally, with exit code %d\\n",<br />\n\n          WEXITSTATUS (child_status));<br />\n\n  else<br />\n\n   printf ("the child process exited abnormally\\n");<br />\n\n<br />\n\n  printf ("done with main program\\n");<br />\n\n */<br />\n\n}<br />\n\n</code><br />\n\n<br />\n\nCompiling:<br />\n\n<code class="BASH"><br />\n\ngcc  -o libgonativelib.so -shared -Wl,-soname,libgonative.so -I/opt/jdk1.6.0_18/include -I/opt/jdk1.6.0_18/include/linux gonativelib.c  -static -lc<br />\n\n</code><br />\n\n<br />\n\nExecution:<br />\n\n<code class="BASH"><br />\n\njava -Djava.library.path=. TestBash<br />\n\n</code>	2010-03-18 11:06:45	Default
119	Bash bulk renaming	<pre class="brush: bash">find . -name en.lng -exec sh -c 'exec mv "$1" "${1%/*}/zh_cn.lng"' {} {} \\; -print</pre><br />\r\n\r\n<br />\r\n\r\nRename en.lng to zh_cn.lng in subdirectories.		2010-03-30 10:55:17	Default
120	Linux skype webcam and Ubunto 9.10	<pre class="brush: bash">bash -c 'LD_PRELOAD=/usr/lib/libv4l/v4l1compat.so skype'</pre><br />\r\n\r\n<br />\r\n\r\nAnd you have a working webcam in skype on Ubuntu 9.10		2010-04-15 14:37:48	Default
99	First Post, finally	<div style="clear:both;"></div>This is the first post I am making on blogger....I hope this will grow as time passes...<div style="clear:both; padding-bottom:0.25em"></div>		2005-06-09 13:31:00	Default
121	C search and replace string program	The other day I needed to write a C function which search and replace all tokens in a char * aka C strings. Searching on google doesn't returned too many promising results, hence I ended up writing my own function. Here it goes:\r\n\r\n\r\n\r\n<pre class="brush: c">\r\n/*\r\n* casr --- C based search and replace program in a char *\r\n*\r\n* Author: Usman Saleem - usman.saleem@gmail.com\r\n*\r\n* This code is released under The MIT License.\r\n* http://www.opensource.org/licenses/mit-license.php\r\n*\r\n* Copyrights (c) 2010, Usman Saleem.\r\n*\r\n*/\r\n#include &lt;stdio.h&gt;\r\n#include &lt;string.h&gt;\r\n#include &lt;stdlib.h&gt;\r\n/*\r\n* The search and replace function attempts to replace\r\n* 'token' with 'replacement' on a copy of 'line'.\r\n* Returns:\r\n* - NULL for invalid arguments or out of memory\r\n* - 'line' reference if nothing to replace\r\n* - char * with all tokens replaced.\r\n*\r\n* The caller should call free if the reference to 'line' and\r\n* returned value is different\r\n*/\r\nchar * csar(char *line, char *token, char *replacement)\r\n{\r\n    char *result, *finalresult; /* the return string */\r\n    int token_length; /* length of token */\r\n    int replacement_length; /* length of replacement */\r\n    int count;  /* number of replacements */\r\n    char *tmp;\r\n    char *curr;\r\n    int diff;\r\n    /* Basic sanity of arguments */\r\n    if (!line)\r\n    return NULL;\r\n    if (!token || !(token_length = strlen (token)))\r\n    return NULL;\r\n    if (!replacement || !(replacement_length = strlen (replacement)))\r\n    return NULL;\r\n    /*return same line if there is nothing to replace */\r\n    if (!(strstr (line, token)))\r\n    return line;\r\n    curr = line;\r\n    /*determine count of tokens */\r\n    for(count = 0; tmp = strstr(curr,token); count++)\r\n    {\r\n        curr = tmp+token_length;\r\n    }\r\n    /*allocate memory*/\r\n    finalresult = result = malloc(strlen(line) + (replacement_length*count) + 1 - (token_length*count));\r\n    if(!result)\r\n    {\r\n        return NULL; /*out of memory?*/\r\n    }\r\n    /*move to beginning of line*/\r\n    curr = line;\r\n    for(;;)\r\n    {\r\n        /*determine next location of token */\r\n        tmp = strstr(curr, token);\r\n        if(!tmp) break;\r\n        diff = tmp - curr;\r\n        strncpy(result, curr, diff); /*copy the pre-token part*/\r\n        strcpy(result+diff, replacement); /*copy replacement*/\r\n        strcpy(result+diff+replacement_length, tmp+token_length); /*copy rest of stuff*/\r\n        /*move to next token position*/\r\n        curr = curr+diff+token_length;\r\n        /*update result position to next replace position*/\r\n        result = result+diff+replacement_length;\r\n    }\r\n    return finalresult;\r\n}\r\nint main(void)\r\n{\r\n    char *line1="";\r\n    char *line2="abcdef";\r\n    char *line3="abc@abc.txt@@def@";\r\n    char *line4="@middle@";\r\n    char *line5="@";\r\n    char *line6="@@@";\r\n    printf("line1: %s replaced with %s\\n",line1, csar(line1, "@", "xxATxx"));\r\n    printf("line2: %s replaced with %s\\n",line2, csar(line2, "@", "xxATxx"));\r\n    printf("line4: %s replaced with %s\\n",line4, csar(line4, "@", "xxATxx"));\r\n    printf("line5: %s replaced with %s\\n",line5, csar(line5, "@", "xxATxx"));\r\n    printf("line6: %s replaced with %s\\n",line6, csar(line6, "@", "xxATxx"));\r\n    char *temp = csar(line3, "@", "xxATxx");\r\n    char *temp1 = csar(temp, ".", "xxDOTxx");\r\n    printf("line3: %s replaced with %s\\n",line3,temp1 );\r\n}\r\n</pre>		2010-05-07 12:53:29	Default
125	Custom Layout Manager in Java (XYLayout)	This year in my Advanced Java Programming class, I put an additional 'Ludo' game as semester project (it is suppose to use RMI).<br />\r\n\r\n<br />\r\n\r\nMy students who took the project wanted an easier layout manager to place the components (as I was quite against using null layout manager). So, they ask me whether there exists any XYLayout. It turns out there are some implementations out there, but I was not happy with their licenses. So, I ended up writing my own XYLayoutManager. It will be a good showcase for my students as well. Here goes the code:<br />\r\n\r\n<br />\r\n\r\n<pre class="brush: java"><br />\r\n\r\n/*<br />\r\n\r\n *  The code is licensed under Create Commons Attribution 3.0 License<br />\r\n\r\n *  http://creativecommons.org/licenses/by/3.0/<br />\r\n\r\n *<br />\r\n\r\n *  Copyright 2010 Usman Saleem.<br />\r\n\r\n *  http://usmans.info<br />\r\n\r\n *<br />\r\n\r\n */<br />\r\n\r\npackage info.usmans;<br />\r\n\r\n<br />\r\n\r\nimport java.awt.Component;<br />\r\n\r\nimport java.awt.Container;<br />\r\n\r\nimport java.awt.Dimension;<br />\r\n\r\nimport java.awt.Insets;<br />\r\n\r\nimport java.awt.LayoutManager;<br />\r\n\r\nimport java.util.LinkedHashMap;<br />\r\n\r\nimport java.util.Map;<br />\r\n\r\n<br />\r\n\r\n/**<br />\r\n\r\n * The XYLayout places components on x,y location<br />\r\n\r\n * @author usman<br />\r\n\r\n */<br />\r\n\r\npublic class XYLayout implements LayoutManager {<br />\r\n\r\n<br />\r\n\r\n    /*<br />\r\n\r\n     * This hash table will contain our components and their x,y location as <br />\r\n\r\n     * constraints<br />\r\n\r\n     */<br />\r\n\r\n    private Map<Component, XYLocation> components = new LinkedHashMap<Component, XYLocation>();<br />\r\n\r\n<br />\r\n\r\n    //Register a component into a map<br />\r\n\r\n    //The name is the x,y location of the component. i.e. 10,20<br />\r\n\r\n    public void addLayoutComponent(String name, Component comp) {<br />\r\n\r\n        //parse name, which should be in int,int format<br />\r\n\r\n        if (name == null || name.trim().length() &lt;= 0) {<br />\r\n\r\n            throw new IllegalArgumentException("Invalid constraint: " + name);<br />\r\n\r\n        }<br />\r\n\r\n<br />\r\n\r\n        String[] location = name.split(",");<br />\r\n\r\n        if (location == null || location.length != 2) {<br />\r\n\r\n            throw new IllegalArgumentException("Invalid constraint: " + name);<br />\r\n\r\n        }<br />\r\n\r\n<br />\r\n\r\n        int x = 0;<br />\r\n\r\n        int y = 0;<br />\r\n\r\n<br />\r\n\r\n        try {<br />\r\n\r\n            x = Integer.parseInt(location[0]);<br />\r\n\r\n            y = Integer.parseInt(location[1]);<br />\r\n\r\n        } catch (NumberFormatException nfe) {<br />\r\n\r\n            throw new IllegalArgumentException("Invalid constraint: " + name);<br />\r\n\r\n<br />\r\n\r\n        }<br />\r\n\r\n<br />\r\n\r\n        components.put(comp, new XYLocation(x, y));<br />\r\n\r\n    }<br />\r\n\r\n<br />\r\n\r\n    //Remove components from our map<br />\r\n\r\n    public void removeLayoutComponent(Component comp) {<br />\r\n\r\n        components.remove(comp);<br />\r\n\r\n    }<br />\r\n\r\n<br />\r\n\r\n    public Dimension preferredLayoutSize(Container target) {<br />\r\n\r\n        return target.getPreferredSize();<br />\r\n\r\n    }<br />\r\n\r\n<br />\r\n\r\n    //for now return preferredlayoutsize<br />\r\n\r\n    public Dimension minimumLayoutSize(Container parent) {<br />\r\n\r\n        return preferredLayoutSize(parent);<br />\r\n\r\n    }<br />\r\n\r\n<br />\r\n\r\n    //place all components at its desired location<br />\r\n\r\n    public void layoutContainer(Container parent) {<br />\r\n\r\n        Insets insets = parent.getInsets();<br />\r\n\r\n<br />\r\n\r\n        for(Component c: components.keySet()) {<br />\r\n\r\n            XYLocation location = components.get(c);<br />\r\n\r\n            Dimension dimension = c.getPreferredSize();<br />\r\n\r\n            c.setBounds(location.x + insets.left, location.y + insets.top,<br />\r\n\r\n                    dimension.width, dimension.height);<br />\r\n\r\n        }<br />\r\n\r\n    }<br />\r\n\r\n<br />\r\n\r\n    /*<br />\r\n\r\n     * This class is a simple value object class to hold x and y location<br />\r\n\r\n     */<br />\r\n\r\n    private class XYLocation {<br />\r\n\r\n        private int x;<br />\r\n\r\n        private int y;<br />\r\n\r\n<br />\r\n\r\n        public XYLocation(int x, int y) {<br />\r\n\r\n            this.x = x;<br />\r\n\r\n            this.y = y;<br />\r\n\r\n        }<br />\r\n\r\n    }<br />\r\n\r\n}<br />\r\n\r\n</pre><br />\r\n\r\n<br />\r\n\r\nHere is the test class.<br />\r\n\r\n<br />\r\n\r\n<pre class="brush: java"><br />\r\n\r\n/*<br />\r\n\r\n *  The code is licensed under Create Commons Attribution 3.0 License<br />\r\n\r\n *  http://creativecommons.org/licenses/by/3.0/<br />\r\n\r\n * <br />\r\n\r\n *  Copyright 2010 Usman Saleem.<br />\r\n\r\n *  http://usmans.info<br />\r\n\r\n *  <br />\r\n\r\n */<br />\r\n\r\n<br />\r\n\r\npackage info.usmans;<br />\r\n\r\n<br />\r\n\r\nimport java.awt.BorderLayout;<br />\r\n\r\nimport java.awt.event.*;<br />\r\n\r\nimport java.util.Random;<br />\r\n\r\nimport javax.swing.*;<br />\r\n\r\n<br />\r\n\r\n/**<br />\r\n\r\n * A Test application to test XY Layout.<br />\r\n\r\n * @author usman<br />\r\n\r\n */<br />\r\n\r\npublic class TestXYLayout extends JFrame implements ActionListener {<br />\r\n\r\n   private JLabel board = new JLabel(new ImageIcon(getClass().getResource("ludo1.gif")));<br />\r\n\r\n   private JLabel stimpy = new JLabel(new ImageIcon(getClass().getResource("stimpy.gif")));<br />\r\n\r\n   private JPanel panel = new JPanel();<br />\r\n\r\n   private JPanel bottom = new JPanel();<br />\r\n\r\n   private JButton moveButton = new JButton("Move");<br />\r\n\r\n   <br />\r\n\r\n    public void init() {<br />\r\n\r\n        setSize(560, 620);<br />\r\n\r\n        //add our panels in JFrame<br />\r\n\r\n        add(panel, BorderLayout.CENTER);<br />\r\n\r\n        add(bottom, BorderLayout.SOUTH );<br />\r\n\r\n<br />\r\n\r\n        //add our button in bottom frame<br />\r\n\r\n        bottom.add(moveButton);<br />\r\n\r\n        moveButton.addActionListener(this);<br />\r\n\r\n<br />\r\n\r\n        //set panel layout to XYLayout<br />\r\n\r\n        panel.setLayout(new XYLayout());<br />\r\n\r\n        panel.add("0,0",stimpy);<br />\r\n\r\n        panel.add("0,0",board);<br />\r\n\r\n        <br />\r\n\r\n        //draw our components on center panel<br />\r\n\r\n        drawComponents();<br />\r\n\r\n        <br />\r\n\r\n    }<br />\r\n\r\n<br />\r\n\r\n    private void drawComponents() {<br />\r\n\r\n        panel.remove(board);<br />\r\n\r\n        panel.remove(stimpy);<br />\r\n\r\n<br />\r\n\r\n        //calculate random x,y position<br />\r\n\r\n        int x = new Random().nextInt(this.getX()+this.getWidth());<br />\r\n\r\n        int y = new Random().nextInt(this.getY()+this.getHeight());<br />\r\n\r\n<br />\r\n\r\n        panel.add(String.valueOf(x)+","+String.valueOf(y), stimpy);<br />\r\n\r\n        panel.add("0,0", board);<br />\r\n\r\n<br />\r\n\r\n        panel.validate();<br />\r\n\r\n        <br />\r\n\r\n        <br />\r\n\r\n    }<br />\r\n\r\n<br />\r\n\r\n    public void actionPerformed(ActionEvent e) {<br />\r\n\r\n        drawComponents();<br />\r\n\r\n    }<br />\r\n\r\n<br />\r\n\r\n    public static void main(String[] args) {<br />\r\n\r\n        SwingUtilities.invokeLater(new Runnable() {<br />\r\n\r\n             public void run() {<br />\r\n\r\n                 TestXYLayout test = new TestXYLayout();<br />\r\n\r\n                 test.init();<br />\r\n\r\n                 test.setDefaultCloseOperation(TestXYLayout.EXIT_ON_CLOSE);<br />\r\n\r\n                 test.setResizable(false);<br />\r\n\r\n                 test.setVisible(true);<br />\r\n\r\n            }<br />\r\n\r\n        });<br />\r\n\r\n    }<br />\r\n\r\n<br />\r\n\r\n}<br />\r\n\r\n<br />\r\n\r\n</pre>		2010-06-25 19:42:42	Default
126	Password encryption in Subetha	The other day I submitted patch to encrypt passwords in  <a href="http://code.google.com/p/subetha/">Subetha</a>, a Java based open source mailing list manager. The patch can be tracked <a href="http://code.google.com/p/subetha/issues/detail?id=43">here</a>.		2010-11-20 20:15:21	Default
127	Creating sha256 password hashes	<p>The following code snippet is an example on how to generate SHA 256 hash of\r\na String in Java</p>\r\n<pre class="brush: java">\r\npublic String generateHash(String value) {\r\n  String password=null;\r\n   try {\r\n\tbyte[] valueBytes = value.getBytes("UTF-8");\r\n\tMessageDigest md = MessageDigest.getInstance("SHA-256");\r\n\tbyte[] encodedBytes = md.digest(valueBytes);\r\n\tString hexEncodedValue =  toHexString(encodedBytes);\r\n\tpassword = hexEncodedValue;\r\n\t} catch (UnsupportedEncodingException e) {\r\n\t\t\t//should not happen, just log.\r\n\t\t\tlog.error(e.getMessage(), e);\r\n\t} catch (NoSuchAlgorithmException e) {\r\n\t\t\t//should not happen, just log.\r\n\t\t\tlog.error(e.getMessage(), e);\r\n\t}\r\n\treturn password;\r\n}\r\n/**\t \r\n * Fast convert a byte array to a hex string\r\n * with possible leading zero.\r\n * @param b array of bytes to convert to string\r\n * @return hex representation, two chars per byte.\r\n */\r\n\r\npublic static String toHexString (byte[] b)\t{\r\n  StringBuffer sb = new StringBuffer(b.length * 2);\r\n\t   for (int i=0; i &lt; b.length; i++) {\r\n\t\t// look up high nibble char\r\n\t\tsb.append(hexChar[( b[i] &amp; 0xf0) &gt;&gt;&gt; 4]);\r\n\t        // look up low nibble char\r\n\t        sb.append(hexChar[b[i] &amp; 0x0f]);\r\n       }\r\n\t   return sb.toString();\r\n}\r\n\r\n\t/**\r\n\t * table to convert a nibble to a hex char.\r\n\t */\r\n\r\n\tstatic char[] hexChar = {\r\n\t   '0' , '1' , '2' , '3' ,\r\n\t   '4' , '5' , '6' , '7' ,\r\n\t   '8' , '9' , 'a' , 'b' ,\r\n\t   'c' , 'd' , 'e' , 'f'};\r\n</pre>		2010-11-20 20:24:39	Default
129	PostgreSQL 9.0 cross-platform binaries RPM/DEB	<a href="http://openscg.org">OpenSCG</a> has released <a href="http://openscg.org/se/postgresql/packages.jsp">RPM/DEB packages</a> for PostgreSQL 9.0. This allows an easy installation of PostgreSQL 9.0 which is friendly with the native package manager. 		2011-02-14 07:22:34	Default
130	Java Speech API (freetts)	The following instructions were provided by me on a forum some years back on how to run helloworld for Java Speech API (on Windows platform). I am copying it here again (for my own reference, as well as any other aspirants out there)<br />\r\n\r\n<br />\r\n\r\n<a href="http://sourceforge.net/projects/freetts/files/">Download</a> the <a href="http://freetts.sourceforge.net/docs/index.php">freetts</a> library. Extract and follow following instructions to run a HelloWorld program successfully:<br />\r\n\r\n<br />\r\n\r\n1. Unzipped: freetts-1.2.1-bin.zip to a folder, say [freetts]<br />\r\n\r\n<br />\r\n\r\n2. Execute [freetts]/lib/jsapi.exe to obtain jsapi.jar<br />\r\n\r\n<br />\r\n\r\n3. Created a sample 'demo' folder.<br />\r\n\r\n<br />\r\n\r\n4. Copied contents (sound files and HelloWorld.java) of [freetts]\\demo\\JSAPI\\HelloWorld to my 'demo' folder.<br />\r\n\r\n<br />\r\n\r\n5. Copied following files from [freetts]\\lib to my 'demo' folder:<br />\r\n\r\nfreetts.jar<br />\r\n\r\njsapi.jar<br />\r\n\r\ncmu_us_kal.jar<br />\r\n\r\ncmulex.jar<br />\r\n\r\nen_us.jar<br />\r\n\r\n<br />\r\n\r\n6. Copied [freetts]/speech.properties file to my home folder i.e. C:\\Documents and Settings\\[my_user_name] OR /home/[my_user_name]<br />\r\n\r\n<br />\r\n\r\n7. Compiled HelloWorld program as:<br />\r\n\r\njavac -classpath .;./jsapi.jar HelloWorld.java<br />\r\n\r\n<br />\r\n\r\n8 Run it as follows:<br />\r\n\r\njava -classpath .;./jsapi.jar;./freetts.jar;./cmu_us_kal.jar HelloWorld<br />\r\n\r\n<br />\r\n\r\n9. Following output came:<br />\r\n\r\nAll general Mode JSAPI Synthesizers and Voices:<br />\r\n\r\nFreeTTS en_US general synthesizer (mode=general, locale=en_US):<br />\r\n\r\nkevin<br />\r\n\r\nkevin16<br />\r\n\r\n<br />\r\n\r\nUsing voice: kevin16<br />\r\n\r\n<br />\r\n\r\nand I hear the voice as well.<br />\r\n\r\n<br />\r\n\r\nand my own test code:<br />\r\n\r\n<pre class="brush: java">\r\n\r\nimport javax.speech.*;\r\nimport javax.speech.synthesis.*;\r\nimport java.util.Locale;\r\n\r\npublic class HelloWorld2 {\r\n\r\npublic static void main(String args[]) {\r\n\r\ntry {\r\n\r\n// Create a synthesizer for English\r\n\r\nSynthesizer synth = Central.createSynthesizer(\r\n\r\nnew SynthesizerModeDesc(Locale.ENGLISH));\r\n\r\n\r\n\r\n// Get it ready to speak\r\n\r\nsynth.allocate();\r\n\r\nsynth.resume();\r\n\r\n// Speak the "Hello world" string\r\n\r\nsynth.speakPlainText("I love Java programming.", null);\r\n\r\n// Wait till speaking is done\r\n\r\nsynth.waitEngineState(Synthesizer.QUEUE_EMPTY);\r\n\r\n// Clean up\r\n\r\nsynth.deallocate();\r\n\r\n} catch (Exception e) {\r\n\r\ne.printStackTrace();\r\n\r\n}\r\n\r\n}\r\n\r\n}\r\n\r\n</pre>		2011-02-28 03:41:55	Default
131	Really advanced Java tips, tricks and techniques	Are you looking for some really advanced Java discussions? then subscribe to <a href="http://www.javaspecialists.eu/archive/archive.jsp">The Java Specialists News letter</a> manage by Java Champion Dr. Heinz Kabutz.<br />\r\n\r\n<br />\r\n\r\nOf course, my all time favorite topic (which I always refer to my new class of Java students :-)) is <a href="http://www.javaspecialists.eu/archive/Issue100.html">Java programmers aren't born</a>.		2011-03-17 08:29:40	Default
132	New Site Changes	\t\t\t<div>After my last hosting provider crash, I think its time to redesign the site from scratch. And it is going to be based on all\r\n\t\t\t\tJava now. Time to brush up my web development skills.</div><br />\r\n\t\t\t<div>Stay Tuned for my blog and tutorial/lectures. Drop me an email\r\n\t\t\t\tat usman (at) usmans.info for any suggestions, comments and queries.</div>		2011-06-28 22:36:49.356	Default
134	Locating the jar containing particular class	<p>Often while developing a Java web app, you found yourself in a situation where different version of same class is available on classpath and the one picked by classloader is not the one that your code is using (you are using a newer version while classloader is loading an older version). The following code snippet can be used to find which jar contains the offending class</p>\r\n\r\n<pre class="brush: java">\r\nSystem.out.println(mypackage.MyClass.class.getProtectionDomain().getCodeSource().getLocation());\r\n</pre>	\N	2011-10-12 13:10:26.748	Default
135	Deploying site on JBoss AS 7.0.2	So I finally decided to give JBoss AS 7 as try. It required some minor modifications in data source JNDI names to migrate from Resin to JBoss. Specifically, I modified the JDBC JNDI to java:/uziblogds from jdbc/uziblog. Another change was to modify the DataSource injection. Instead of  @Inject @Named("jdbc/uziblog"), JBoss was happier to use @Resource(mappedName="java:/uziblogds")	\N	2011-11-18 20:40:36.586	Default
136	Exploring Openshift	<p>Time to jump openshift bandwagon, start using PaaS (platform as a service) and join Cloud. Why do I need it and what is Openshift?</p><p>My expertise area is JEE development, and I try to keep myself updated with the latest technologies by "getting my hands dirty" in coding. Some time ago, I implemented my own JEE based blogging implementation and decided to host it on resin and then followed by JBoss AS 7. The next step was to get a good, reliable and cheap JBoss hosting. I manage to get a cheap "VPS" host (around 10$/month), however, I wasn't happy with it. Too unreliable, too slow, much lesser resources. And I have to manage everything by hand, monitor JBoss, monitor my HSQLDB etc. Even though its raw power to control things as you please, but it gets too time consuming pretty soon.</p><p><a href="http://www.openshift.com">Openshift</a> comes to the rescue.</p><p>From offering perspective, at the moment, they provide free of cost developer preview (and I hope this will remain as it is). For a low volume site like mine, this was perfect. It provides me a ground to test with the latest and greatest technologies at no fraction of cost.</p><p>From technology perspective, I was able to setup one instance of JBoss AS 7 and PostgreSQL 8.4 within minutes, ready to push my changes via git. The main time spent was converting my blog data from hsqldb to PostgreSQL. Openshift provide hooks and access to manage all it with ease - a developer's dream. Pretty neat.</p><p>Now the scalability, assuming that my site becomes very popular, I can add another JBoss instance to scale my load (same goes for PostgreSQL instance), this is the true beauty of "PaaS".</p>\r\n<p>So there you go, get yourself an Openshift account and start experimenting. Stay tuned for my further Openshift experiments :) </p>	\N	2012-09-06 21:48:51.061763	Default
138	Testing xa datasource.	Just moved the datasource to use jta. Last time it was not working, looks like it started working now ... strange!	\N	2012-09-12 23:44:21.923	Default
137	Moving project to maven build system	My blog project is now moved to maven build system from old Eclipse project. It is also now directly merged/synchronized with openshift git repository. In addition, I ended up writing my own RSS feed generator. Good stuff. Check out my github profile for the source code of this blog.	\N	2012-09-12 20:20:19.907	Default
59	Changing network configuration on Windows from Java	<div style="clear:both;"></div>Use freely available jRegistryKey API (http://www.bayequities.com/tech/Products/jreg_key.shtml ) or any other API to manipulate windows registry as follows:<br /><br />1. Open registry on the HKEY_LOCAL_MACHINE<br /><br />2. Find the subKey = SOFTWARE\\Microsoft\\Windows NT\\CurrentVersion\\NetworkCards\\"netcard# "<br /><br />"netcard# " usually is "1" but you can control any subkey and find specific netwrok Adapters<br /><br />Refer to "MSDN Registry Entries for Network Adapter Cards"<br /><br />3. Get data for the value "ServiceName"<br /><br />4. Find the subKey = SYSTEM\\CurrentControlSet\\Services\\"ServiceName"\\Parameters\\TcpIp"<br /><br />5. Set data for the value "IpAddress" to change IP address<br /><br />6. Set data for the value "SubnetMask" to change subnet mask<br /><br />7. Set data for the value "DefaultGateway" to change default gateway<br /><br />8. Reboot your PC.<br /><br />Disclaimer: I haven't yet tested changing the network configuration, change above reigstry keys at your own risk!<div style="clear:both; padding-bottom:0.25em"></div>		2005-09-08 16:18:00	Default
61	Visiting lectures at Quaid-e-Azam University	<div style="clear:both;"></div>Started September 2nd, 2005, I am delievering visiting lectures at <a href="http://www.qau.edu.pk">Quaid-e-Azam University, Islamabad, Pakistan</a> for the subject of Object Oriented Programming to the students of M.Sc.<br /><br />I have delievered visiting lectures for the same subject (graduate level) at Punjab College of Information Technology (aff. with Mohammad Ali Jinnah University) and at College of Information Technology (aff. with Allama Iqbal Open University) before joining my current job (2003-2004).<br /><br />Other subjects at my credentials are Intro. to Database Management Systems and E-Commerce.<div style="clear:both; padding-bottom:0.25em"></div>		2005-09-05 19:56:00	Default
63	EnterpriseDB at LinuxWorld	<div style="clear:both;"></div>Following photos are of EnterpriseDB desk at LinuxWorld .... what does the thrid one implies? :-)<br /><br /><a href="http://photos1.blogger.com/blogger/2294/965/1600/LinuxWorld-Day1_1.jpg"><img style="display:block; margin:0px auto 10px; text-align:center;cursor:pointer; cursor:hand;" src="http://photos1.blogger.com/blogger/2294/965/320/LinuxWorld-Day1_1.jpg" border="0" alt="" /></a><br /><div style="text-align: center;">Shahzad</div><br /><a href="http://photos1.blogger.com/blogger/2294/965/1600/LinuxWorld-Day1_2.jpg"><img style="display:block; margin:0px auto 10px; text-align:center;cursor:pointer; cursor:hand;" src="http://photos1.blogger.com/blogger/2294/965/320/LinuxWorld-Day1_2.jpg" border="0" alt="" /></a><br /><div style="text-align: center;">Scott</div><br /><a href="http://photos1.blogger.com/blogger/2294/965/1600/LinuxWorld-Day1_3.jpg"><img style="display:block; margin:0px auto 10px; text-align:center;cursor:pointer; cursor:hand;" src="http://photos1.blogger.com/blogger/2294/965/320/LinuxWorld-Day1_3.jpg" border="0" alt="" /></a><br /><div style="text-align: center;">The Award...</div><br /><hr /><br />Kewl......<br /><br />--Uzi<div style="clear:both; padding-bottom:0.25em"></div>		2005-08-10 14:50:00	Default
74	Software Testing Automation Framework (STAF)	<div style="clear:both;"></div><a href="http://staf.sourceforge.net/index.php">Software Testing Automation Framework (STAF)</a>: \r\n<br /><blockquote>The Software Testing Automation Framework (STAF) is an open source, multi-platform, multi-language framework designed around the idea of reusable components, called services (such as process invocation, resource management, logging, and monitoring). STAF removes the tedium of building an automation infrastructure, thus enabling you to focus on building your automation solution.\r\n<br />\r\n<br />STAX is an execution engine which can help you thoroughly automate the distribution, execution, and results analysis of your testcases. STAX builds on top of three existing technologies, STAF, XML, and Python, to place great automation power in the hands of testers. STAX also provides a powerful GUI monitoring application which allows you to interact with and monitor the progress of your jobs.\r\n<br />\r\n<br />Other STAF services are also provided to help you to create an end-to-end automation solution. Other STAF services include: Event, EventManager, Cron, Email, HTTP, NamedCounter, FSExt (File System EXTension), and Timer.</blockquote><div style="clear:both; padding-bottom:0.25em"></div>		2005-07-09 20:23:00	Default
76	Software Engineer	<div style="clear:both;"></div>The following quote is taken from <span style="font-weight:bold;">Rapid J2EE Development: An Adaptive Foundation for Enterprise Applications</span> <span style="font-style:italic;">By Alan Monnox</span> which I am studying nowadays.<br /><br /><blockquote>The title software engineer is worthy of further elaboration. IT professionals have a propensity for putting all manner of titles on business cards, from systems analyst and enterprise architect to quality specialist and IT consultant. The true software professional, however, is an extremely versatile individual who is fully capable of fulfilling many, but not necessarily all, of the predefined roles on a project. It is to this type of individual that I apply the term software engineer. Putting aside for a moment the technical description of the role and the associated computer scientist tag, a software engineer is someone who not only knows his or her profession but knows it well. He or she can effectively contribute in all project phases, whether analysis, design, implementation, or testing. Moreover, a software engineer continually looks for new ideas to improve what he or she does and how it is done. In short, a software engineer understands that self-improvement and continuous learning are fundamental activities for an IT professional.</blockquote><div style="clear:both; padding-bottom:0.25em"></div>		2005-07-09 12:39:00	Default
80	Gaim 1.3.1	<div style="clear:both;"></div><a href="http://gaim.sourceforge.net/about.php">Gaim</a>\r\n<br />\r\n<br />Gaim is a multi-protocol instant messaging (IM) client for Linux, BSD, MacOS X, and Windows. It is compatible with AIM and ICQ (Oscar protocol), MSN Messenger, Yahoo!, IRC, Jabber, Gadu-Gadu, SILC, GroupWise Messenger, and Zephyr networks.\r\n<br />\r\n<br />Gaim users can log in to multiple accounts on multiple IM networks simultaneously. This means that you can be chatting with friends on AOL Instant Messenger, talking to a friend on Yahoo Messenger, and sitting in an IRC channel all at the same time.\r\n<br />\r\n<br />Gaim supports many features of the various networks, such as file transfer, away messages, typing notification, and MSN window closing notification. It also goes beyond that and provides many unique features. A few popular features are Buddy Pounces, which give the ability to notify you, send a message, play a sound, or run a program when a specific buddy goes away, signs online, or returns from idle; and plugins, consisting of text replacement, a buddy ticker, extended message notification, iconify on away, spell checking, tabbed conversations, and more.\r\n<br />\r\n<br />Gaim runs on a number of platforms, including Windows, Linux, and Qtopia (Sharp Zaurus and iPaq).\r\n<br />\r\n<br />Gaim integrates well with GNOME 2 and KDE 3.1's system tray, as well as Windows's own system tray. This allows you to work with Gaim without requiring the buddy list window to be up at all times. <div style="clear:both; padding-bottom:0.25em"></div>		2005-06-26 19:29:00	Default
88	Fedora Core 4 experience	<div style="clear:both;"></div>Today I finally managed to install Fedore Core 4 on my office laptop. When I first logged in, every thing seems same as it was in Fedore Core 3 (except the new default theme Clearlooks), the top panel, the bottom panel and the default background. However, upon closer inspection I have found out that they have introduce two new menus besides Applications; Places and Desktop.<br /><br />Desktop now contains Preferences and System settings sub-menus and it allows you to lock the screen and logout as well.<br /><br />Places contains shortcuts to Home, Desktop, Computer, Connect to Server..., and Search for Files. Out of these the "Connect to Server..." is preety useful. It allows you to connect to SSH, FTP, Windows Share, Web Dev etc. from one single dialog box.<br /><br />They have also bundled several useful tools in Fedora Core 4, the one I like best is Native Eclipse 3.1.<br /><br />They are getting better day by day ... and convincing me more and more to minimize the usage of Windoze and increase the usage of Linux in daily course of business.<div style="clear:both; padding-bottom:0.25em"></div>		2005-06-23 17:47:00	Default
139	Embedding custom fonts with @font-face	<p>New browsers are capable of showing custom embedded fonts which can be specified by using @font-face css tag. This allows web designers to use custom fonts which users don't need to install on their machine.</p>\r\n<p>With custom font (Nafees Riqa): <div id="nrfont">      .      </div></p>\r\n<p>With custom font (Hussaini Nastaleeq): <div id="hnfont">      .      </div></p>\r\n<p>Without custom font (System default): <div style="font-size: x-large;">      .      </div></p>\r\n\r\n<p>If font style is same in all above samples, you are probably not using most recent browser capable of using font-face css style.</p>\r\n\r\n<p>The custom font 'Nafees Riqa' is developed by CRULP and is available on their <a href="http://www.crulp.org/software/localization/Fonts/nafeesRiqa.html" target="_blank">website</a>. The custom font `Hussaini Nastaleeq` is a fork of Nafees Nastaleeq and is available <a href="https://github.com/khaledhosny/hussaini-nastaleeq" target="_blank">here</a>. Both of these fonts are very small in size (~ 300K) and browser should only download them if they are used by the page. </p>\r\n\r\n<p>The font is converted from ttf to eot on Linux using <a href="http://code.google.com/p/ttf2eot/" target="_blank"> ttf2eot</a>.</p>\r\n\r\n<p> Tested on Linux (Fedora 17) on Chrome Version 22.0.1229.94 and Firefox Version 16.0.1. Not tested on Windows IE yet (though it should work on IE 9) </p>\r\n\r\n<p>On JBoss side (if using JSF), you probably need to specify correct mime types for the font types. Here are the implementation details:</p>\r\n<p>\r\n- web.xml:\r\n<pre class="brush: java">\r\n<mime-mapping>\r\n        <extension>ttf</extension>\r\n        <mime-type>application/octet-stream</mime-type>\r\n  </mime-mapping>\r\n  <mime-mapping>\r\n        <extension>eot</extension>\r\n        <mime-type>application/vnd.ms-fontobject</mime-type>\r\n  </mime-mapping>\r\n</pre>\r\n\r\n- css file:\r\n<pre class="brush: java">\r\n/* Required first for IE, no format */\r\n@font-face\r\n{\r\n  font-family: u; \r\n  src:  url("#{resource['fonts:nafees_riqa.eot']}");\r\n}\r\n\r\n@font-face\r\n{\r\n  font-family: u;\r\n  src: url("#{resource['fonts:nafees_riqa.ttf']}") format('opentype');\r\n}\r\n\r\n#nrfont {\r\n  font-family: u;\r\n  font-size: x-large;\r\n}\r\n</pre>\r\n\r\n- JSF template:\r\n<pre class="brush: java">\r\n  &lt;h:outputStylesheet name="uzi.css" library="css" /&gt;\r\n</pre>\r\n\r\n- Applying font:\r\n<pre class="brush: java">\r\n&lt;div id="nrfont"&gt; ... \r\n</pre>\r\n</p>	\N	2012-11-06 18:14:54.875	Default
\.


--
-- Data for Name: blog_item_categories; Type: TABLE DATA; Schema: public; Owner: -
--

COPY blog_item_categories (item_id, category_id) FROM stdin;
26	3
27	1
28	3
29	5
30	5
31	5
32	5
33	1
34	1
34	2
34	4
34	5
35	4
35	5
36	1
36	4
36	5
37	1
38	4
39	3
39	4
40	4
41	4
42	1
43	1
44	5
45	3
46	1
46	4
47	5
48	1
49	5
50	1
51	3
52	4
53	1
54	1
55	4
56	3
57	1
58	4
60	1
62	4
67	1
70	1
71	1
72	1
73	1
84	1
86	1
90	1
97	1
101	5
112	3
112	4
114	4
116	3
116	4
117	5
118	1
118	3
119	3
120	3
121	3
121	4
125	1
126	1
127	1
129	2
130	1
131	1
131	4
132	5
134	1
135	6
135	1
136	4
136	6
136	1
136	2
138	4
138	1
137	4
137	6
137	1
99	5
59	4
59	1
61	5
63	4
63	3
64	4
65	4
66	4
68	3
69	3
74	4
75	1
76	4
77	3
78	5
78	4
79	5
80	4
80	3
81	4
82	4
83	4
87	5
88	5
88	3
89	4
139	4
139	6
\.


--
-- Data for Name: blog_item_comments; Type: TABLE DATA; Schema: public; Owner: -
--

COPY blog_item_comments (comment_id, blog_entry_id, comments, visible, created, updated) FROM stdin;
\.


--
-- PostgreSQL database dump complete
--

